Timestamp,Space_Type,Dimensions,Num_Points,Input_Order,Algorithm,Iterations,Min_Distance,Mean_Time_ms,Median_Time_ms,StdDev_Time_ms,Raw_Times_ms
2026-09-03 00:23:35,Normal,2,2000,Original,Deterministic Grid,10,0.26609,1.16611,1.17210,0.13956,"[1.38854, 1.27308, 1.14943, 1.19476, 1.24851, 1.13783, 1.20416, 1.05126, 1.14865, 0.86487]"
2026-09-03 00:23:35,Normal,2,2000,Original,Randomized Grid,10,0.26609,0.66813,0.66166,0.22384,"[0.70020, 1.03058, 0.94877, 0.86545, 0.40336, 0.43824, 0.43866, 0.62312, 0.52195, 0.71101]"
2026-09-03 00:23:35,Normal,2,2000,Sorted_X_Axis,Deterministic Grid,10,0.26609,0.38563,0.38445,0.00621,"[0.38964, 0.39877, 0.38527, 0.38478, 0.39122, 0.38132, 0.38263, 0.38411, 0.37648, 0.38208]"
2026-09-03 00:23:35,Normal,2,2000,Sorted_X_Axis,Randomized Grid,10,0.26609,0.54014,0.54101,0.06940,"[0.53568, 0.55942, 0.42850, 0.67909, 0.47841, 0.56140, 0.53229, 0.59859, 0.48173, 0.54633]"
2026-09-03 00:23:35,Adversarial,2,2000,Ladder_of_Pairs,Deterministic Grid,10,0.45001,49.59743,49.39794,0.59910,"[49.94589, 50.64622, 49.39575, 48.87560, 49.17095, 49.11029, 49.49765, 50.56073, 49.40012, 49.37112]"
2026-09-03 00:23:35,Adversarial,2,2000,Ladder_of_Pairs,Randomized Grid,10,0.45001,0.68022,0.70480,0.11097,"[0.61218, 0.67816, 0.60484, 0.73490, 0.85091, 0.74670, 0.78012, 0.73143, 0.47181, 0.59118]"
2026-09-03 00:23:35,Normal,2,10000,Original,Deterministic Grid,10,0.07959,3.83494,3.74324,0.29606,"[4.67266, 3.70841, 3.76253, 3.75140, 3.80602, 3.72540, 3.70181, 3.71619, 3.76988, 3.73509]"
2026-09-03 00:23:35,Normal,2,10000,Original,Randomized Grid,10,0.07959,3.42179,3.45738,0.55266,"[3.93014, 2.98926, 3.77798, 3.88531, 3.01334, 2.60585, 3.62758, 2.83110, 4.27015, 3.28718]"
2026-09-03 00:23:35,Normal,2,10000,Sorted_X_Axis,Deterministic Grid,10,0.07959,2.38112,2.34905,0.09071,"[2.62225, 2.38456, 2.33345, 2.36222, 2.40819, 2.39458, 2.33173, 2.30937, 2.33589, 2.32893]"
2026-09-03 00:23:35,Normal,2,10000,Sorted_X_Axis,Randomized Grid,10,0.07959,3.56259,3.43946,0.56048,"[3.61428, 3.18211, 4.63416, 3.25189, 3.96417, 4.14260, 2.95933, 3.26463, 3.72663, 2.88605]"
2026-09-03 00:23:50,Adversarial,2,10000,Ladder_of_Pairs,Deterministic Grid,10,0.08999,1443.97433,1439.95958,12.37343,"[1431.56846, 1428.96298, 1437.49072, 1434.12526, 1459.36710, 1441.53751, 1446.45476, 1438.38164, 1462.42863, 1459.42623]"
2026-09-03 00:23:50,Adversarial,2,10000,Ladder_of_Pairs,Randomized Grid,10,0.08999,3.33075,3.18360,0.69276,"[3.84029, 3.20232, 2.94140, 3.52024, 2.87331, 2.76221, 4.67812, 4.00601, 2.31872, 3.16489]"
2026-09-03 00:23:50,Normal,2,100000,Original,Deterministic Grid,10,0.00803,41.76202,40.21247,3.26047,"[44.13210, 43.35683, 38.33394, 40.58378, 39.33463, 46.11205, 47.49414, 39.84116, 39.36868, 39.06285]"
2026-09-03 00:23:51,Normal,2,100000,Original,Randomized Grid,10,0.00803,46.74361,47.71924,10.07111,"[51.17419, 56.28201, 39.10087, 34.92420, 64.73590, 33.56472, 47.51325, 38.89952, 53.31624, 47.92524]"
2026-09-03 00:23:51,Normal,2,100000,Sorted_X_Axis,Deterministic Grid,10,0.00803,58.93024,57.90069,3.11274,"[58.40797, 61.34857, 62.96716, 59.60014, 57.39341, 64.55994, 55.66382, 55.82744, 56.20818, 57.32582]"
2026-09-03 00:23:52,Normal,2,100000,Sorted_X_Axis,Randomized Grid,10,0.00803,45.40473,43.73024,7.08032,"[35.25272, 45.35917, 42.10132, 50.81386, 52.53550, 57.85797, 38.43932, 40.29846, 49.38580, 42.00313]"
2026-09-03 01:00:15,Adversarial,2,100000,Ladder_of_Pairs,Deterministic Grid,10,0.00900,218340.20421,214825.74420,10276.65553,"[244532.99512, 216541.71644, 227677.97045, 213011.11307, 212046.51294, 212320.18322, 212416.87119, 214584.79875, 215066.68965, 215203.19128]"
2026-09-03 01:00:16,Adversarial,2,100000,Ladder_of_Pairs,Randomized Grid,10,0.00900,50.85029,47.80206,8.13581,"[43.95502, 68.75865, 47.98772, 47.61641, 52.73420, 54.69214, 58.97506, 46.67734, 44.09484, 43.01156]"
2026-09-03 01:00:16,Normal,3,2000,Original,Deterministic Grid,10,2.64122,1.06345,1.06619,0.04023,"[1.04876, 1.12647, 1.10072, 1.08953, 1.02882, 1.09261, 1.00995, 1.06537, 1.00531, 1.06700]"
2026-09-03 01:00:16,Normal,3,2000,Original,Randomized Grid,10,2.64122,1.04066,1.05064,0.07595,"[0.94741, 1.13225, 1.14519, 1.07988, 0.96414, 0.92978, 1.08645, 1.07804, 1.02325, 1.02023]"
2026-09-03 01:00:16,Normal,3,2000,Sorted_X_Axis,Deterministic Grid,10,2.64122,1.06894,0.93471,0.41674,"[0.93630, 1.00557, 0.94453, 0.93312, 0.92184, 0.91781, 0.91642, 0.91460, 2.25258, 0.94668]"
2026-09-03 01:00:16,Normal,3,2000,Sorted_X_Axis,Randomized Grid,10,2.64122,1.07629,1.04203,0.10453,"[1.05325, 1.28679, 1.20017, 1.08018, 1.01601, 0.93233, 1.03082, 1.13722, 1.01260, 1.01351]"
2026-09-03 01:00:16,Adversarial,3,2000,Ladder_of_Pairs,Deterministic Grid,10,0.45001,56.18137,55.98992,0.51443,"[56.86716, 56.27739, 55.74883, 55.71974, 55.71938, 57.16424, 56.51069, 56.07579, 55.82638, 55.90406]"
2026-09-03 01:00:16,Adversarial,3,2000,Ladder_of_Pairs,Randomized Grid,10,0.45001,1.14564,1.10760,0.14641,"[1.06061, 1.41207, 1.13353, 1.29389, 0.96343, 1.08166, 1.00693, 1.30645, 1.15288, 1.04492]"
2026-09-03 01:00:16,Normal,3,10000,Original,Deterministic Grid,10,1.25773,7.27099,7.20118,0.27576,"[8.02271, 7.31282, 7.20183, 7.27212, 7.10858, 7.22908, 7.14436, 7.03445, 7.20054, 7.18339]"
2026-09-03 01:00:16,Normal,3,10000,Original,Randomized Grid,10,1.25773,6.50716,6.30293,0.87722,"[6.13894, 5.79970, 5.59353, 6.46693, 5.60137, 7.02051, 5.92077, 7.85482, 7.98182, 6.69323]"
2026-09-03 01:00:16,Normal,3,10000,Sorted_X_Axis,Deterministic Grid,10,1.25773,5.52027,5.46542,0.19464,"[6.04879, 5.48190, 5.46097, 5.46833, 5.46251, 5.51993, 5.57140, 5.43171, 5.37753, 5.37967]"
2026-09-03 01:00:16,Normal,3,10000,Sorted_X_Axis,Randomized Grid,10,1.25773,6.33678,6.21258,0.61897,"[6.10602, 6.77896, 6.31914, 5.93799, 6.05375, 6.38123, 5.68128, 5.78355, 7.81755, 6.50833]"
2026-09-03 01:00:35,Adversarial,3,10000,Ladder_of_Pairs,Deterministic Grid,10,0.08999,1818.18342,1817.90187,9.67213,"[1806.48274, 1820.60419, 1816.95197, 1812.20620, 1818.85178, 1810.71631, 1838.87586, 1826.29270, 1808.47657, 1822.37586]"
2026-09-03 01:00:35,Adversarial,3,10000,Ladder_of_Pairs,Randomized Grid,10,0.08999,6.28606,6.28994,0.41313,"[6.65529, 6.55519, 6.75513, 6.05902, 6.43579, 5.67019, 5.87720, 5.87612, 6.83257, 6.14410]"
2026-09-03 01:00:36,Normal,3,100000,Original,Deterministic Grid,10,0.38447,107.64721,104.44684,7.96221,"[119.18721, 106.04612, 109.18071, 102.84755, 102.21627, 102.08870, 101.44498, 102.52483, 106.46719, 124.46851]"
2026-09-03 01:00:37,Normal,3,100000,Original,Randomized Grid,10,0.38447,76.49748,76.24198,6.16920,"[70.24477, 79.83042, 72.79984, 68.30707, 70.07252, 86.21632, 75.46250, 83.55626, 81.46366, 77.02146]"
2026-09-03 01:00:37,Normal,3,100000,Sorted_X_Axis,Deterministic Grid,10,0.38447,69.57492,69.06010,2.73286,"[73.77630, 70.15443, 69.70027, 68.26860, 67.21825, 74.47334, 70.26919, 68.41992, 66.79231, 66.67664]"
2026-09-03 01:00:38,Normal,3,100000,Sorted_X_Axis,Randomized Grid,10,0.38447,79.80215,79.66777,11.22267,"[76.23032, 68.22573, 68.05774, 85.33113, 83.56606, 100.45803, 66.78083, 83.10522, 92.48132, 73.78510]"
2026-09-03 01:43:30,Adversarial,3,100000,Ladder_of_Pairs,Deterministic Grid,10,0.00900,257152.98586,257504.84956,1397.45587,"[257290.15357, 258118.66806, 254463.80721, 258565.04696, 258137.37681, 257652.96953, 257356.72960, 257068.75675, 258036.52832, 254839.82176]"
2026-09-03 01:43:30,Adversarial,3,100000,Ladder_of_Pairs,Randomized Grid,10,0.00900,80.72551,80.08033,7.50281,"[92.31607, 77.97569, 90.43344, 75.46147, 84.08990, 69.84075, 77.43292, 85.55251, 82.18497, 71.96739]"
2026-09-03 01:43:31,Normal,5,2000,Original,Deterministic Grid,10,36.93922,9.01302,8.97331,0.16317,"[9.42693, 9.04869, 9.11689, 8.90601, 8.94962, 8.97641, 8.97440, 8.86189, 8.89715, 8.97221]"
2026-09-03 01:43:31,Normal,5,2000,Original,Randomized Grid,10,36.93922,8.97262,8.91609,0.20440,"[9.13142, 9.21424, 9.20154, 9.24037, 8.97749, 8.79173, 8.76245, 8.76401, 8.78822, 8.85469]"
2026-09-03 01:43:31,Normal,5,2000,Sorted_X_Axis,Deterministic Grid,10,36.93922,9.04466,9.01883,0.14853,"[9.30814, 9.18973, 9.16611, 9.12863, 8.99408, 9.04359, 8.93562, 8.91809, 8.91624, 8.84634]"
2026-09-03 01:43:31,Normal,5,2000,Sorted_X_Axis,Randomized Grid,10,36.93922,8.93146,8.94079,0.14473,"[9.05706, 9.15271, 8.91789, 8.96369, 8.78491, 8.99175, 8.82852, 8.82428, 9.08792, 8.70587]"
2026-09-03 01:43:31,Adversarial,5,2000,Ladder_of_Pairs,Deterministic Grid,10,0.45001,67.39508,66.95604,1.07838,"[68.81986, 69.71376, 67.24195, 67.79470, 67.12682, 66.52831, 66.78525, 66.62654, 66.63750, 66.67607]"
2026-09-03 01:43:32,Adversarial,5,2000,Ladder_of_Pairs,Randomized Grid,10,0.45001,9.08443,9.01214,0.22723,"[9.51719, 8.96218, 9.34502, 9.29615, 8.87791, 9.07151, 9.06210, 8.95254, 8.93137, 8.82833]"
2026-09-03 01:43:32,Normal,5,10000,Original,Deterministic Grid,10,15.28447,52.11361,51.90059,0.45958,"[52.94485, 51.61082, 51.71930, 51.90182, 51.78394, 52.81365, 51.89479, 51.89937, 52.22732, 52.34022]"
2026-09-03 01:43:33,Normal,5,10000,Original,Randomized Grid,10,15.28447,51.86975,51.96346,0.86205,"[52.62943, 52.09166, 50.72629, 52.21704, 51.83526, 50.90021, 52.63358, 50.94101, 51.42264, 53.30035]"
2026-09-03 01:43:33,Normal,5,10000,Sorted_X_Axis,Deterministic Grid,10,15.28447,51.74898,51.71860,0.50613,"[52.33269, 51.93406, 51.50313, 51.35809, 52.32628, 52.20050, 51.20751, 51.37882, 52.22384, 51.02482]"
2026-09-03 01:43:34,Normal,5,10000,Sorted_X_Axis,Randomized Grid,10,15.28447,52.83399,52.56284,1.51794,"[51.89369, 54.23349, 52.68930, 52.36649, 51.20729, 51.33983, 52.72286, 56.37633, 52.43637, 53.07427]"
2026-09-03 01:43:54,Adversarial,5,10000,Ladder_of_Pairs,Deterministic Grid,10,0.08999,2071.90439,2068.64254,8.03560,"[2091.43140, 2073.47307, 2076.88026, 2066.74682, 2065.18247, 2067.15367, 2066.96494, 2070.13141, 2065.69253, 2075.38737]"
2026-09-03 01:43:55,Adversarial,5,10000,Ladder_of_Pairs,Randomized Grid,10,0.08999,52.42662,52.23131,1.06913,"[52.83538, 53.54121, 52.56323, 51.19027, 51.89940, 51.78138, 53.20484, 51.44440, 51.38444, 54.42161]"
2026-09-03 01:44:00,Normal,5,80000,Original,Deterministic Grid,10,7.48920,500.40958,500.05458,4.49404,"[496.06799, 505.63349, 494.11431, 499.46479, 498.18433, 500.64437, 496.61876, 508.66718, 502.28882, 502.41179]"
2026-09-03 01:44:05,Normal,5,80000,Original,Randomized Grid,10,7.48920,504.28922,504.20310,3.99407,"[503.20207, 502.97483, 503.57015, 504.83605, 495.78268, 501.88090, 510.11236, 505.83819, 505.52090, 509.17403]"
2026-09-03 01:44:10,Normal,5,80000,Sorted_X_Axis,Deterministic Grid,10,7.48920,489.05389,488.86022,2.46076,"[492.52753, 491.45240, 487.65405, 491.66842, 488.51979, 487.15439, 489.63224, 488.62126, 489.09919, 484.20965]"
2026-09-03 01:44:15,Normal,5,80000,Sorted_X_Axis,Randomized Grid,10,7.48920,499.72094,500.58211,9.01278,"[500.16598, 507.58657, 493.55719, 489.13248, 500.99824, 502.65558, 512.18980, 495.21236, 510.62071, 485.09048]"
2026-09-03 02:13:52,Adversarial,5,80000,Ladder_of_Pairs,Deterministic Grid,10,0.01125,177684.36988,177879.18368,1185.23115,"[179030.00301, 178617.07099, 175443.58111, 178409.77946, 177348.58789, 178461.31793, 176389.07993, 177117.50306, 177152.30548, 178874.46995]"
2026-09-03 02:13:57,Adversarial,5,80000,Ladder_of_Pairs,Randomized Grid,10,0.01125,507.97562,504.75164,11.48240,"[516.95801, 514.18628, 504.83419, 502.23568, 504.66910, 494.55183, 498.17282, 507.07682, 502.51272, 534.55871]"
2026-09-03 02:13:58,Normal,7,2000,Original,Deterministic Grid,10,80.56887,91.33333,91.08553,0.53403,"[91.68822, 92.40080, 91.83809, 90.86666, 90.87726, 90.97988, 91.19119, 91.66799, 90.97419, 90.84903]"
2026-09-03 02:13:59,Normal,7,2000,Original,Randomized Grid,10,80.56887,90.92305,90.79136,0.78664,"[92.74993, 90.58429, 91.61526, 90.07283, 91.08892, 90.93961, 90.12660, 90.47032, 90.87239, 90.71033]"
2026-09-03 02:13:59,Normal,7,2000,Sorted_X_Axis,Deterministic Grid,10,80.56887,92.04777,91.85230,0.60405,"[92.92527, 92.60407, 91.79072, 92.98112, 91.91388, 91.71465, 91.49381, 92.22364, 91.40144, 91.42914]"
2026-09-03 02:14:00,Normal,7,2000,Sorted_X_Axis,Randomized Grid,10,80.56887,91.64071,91.59740,0.92974,"[93.12690, 92.39332, 92.26226, 90.35129, 92.52156, 90.99629, 91.80746, 91.09009, 90.47057, 91.38734]"
2026-09-03 02:14:02,Adversarial,7,2000,Ladder_of_Pairs,Deterministic Grid,10,0.45001,150.32877,150.29269,0.44640,"[150.35873, 151.01443, 149.85252, 150.50161, 149.78009, 150.31284, 150.18648, 150.27253, 151.08710, 149.92134]"
2026-09-03 02:14:03,Adversarial,7,2000,Ladder_of_Pairs,Randomized Grid,10,0.45001,91.45316,91.28899,0.70436,"[93.02901, 91.82691, 91.08105, 91.24410, 90.31445, 91.31679, 91.03576, 91.26118, 91.72660, 91.69572]"
2026-09-03 02:14:09,Normal,7,10000,Original,Deterministic Grid,10,62.94889,576.10342,575.62793,1.26191,"[576.31957, 575.60343, 574.83491, 578.21467, 575.63626, 574.79096, 575.08994, 576.73002, 578.19481, 575.61960]"
2026-09-03 02:14:14,Normal,7,10000,Original,Randomized Grid,10,62.94889,578.34284,578.10791,1.39947,"[579.98850, 578.81204, 578.38959, 577.56130, 576.28377, 577.82623, 576.89859, 577.70513, 579.05556, 580.90765]"
2026-09-03 02:14:20,Normal,7,10000,Sorted_X_Axis,Deterministic Grid,10,62.94889,576.02092,576.09879,2.24747,"[576.24520, 578.95173, 575.67617, 575.85771, 578.23187, 570.43866, 576.77193, 575.83841, 576.18624, 576.01134]"
2026-09-03 02:14:26,Normal,7,10000,Sorted_X_Axis,Randomized Grid,10,62.94889,577.03506,576.39863,1.63098,"[576.09834, 575.03614, 576.10354, 578.45195, 578.59073, 576.38405, 577.41770, 575.55868, 580.29630, 576.41322]"
2026-09-03 02:14:55,Adversarial,7,10000,Ladder_of_Pairs,Deterministic Grid,10,0.08999,2871.46128,2873.76837,7.89263,"[2874.59821, 2878.65823, 2880.95252, 2865.72507, 2873.50060, 2857.64148, 2863.93320, 2865.23143, 2880.33594, 2874.03615]"
2026-09-03 02:15:00,Adversarial,7,10000,Ladder_of_Pairs,Randomized Grid,10,0.08999,576.59272,576.89029,3.33582,"[579.59253, 576.43327, 578.37937, 573.12888, 581.07608, 574.04025, 577.34732, 576.20707, 570.24578, 579.47665]"
2026-09-03 02:15:40,Normal,7,60000,Original,Deterministic Grid,10,31.90454,3990.28761,3984.87746,18.99425,"[3988.59128, 4023.84933, 4021.15685, 3982.29716, 3979.81453, 3994.44058, 3961.60510, 3987.45777, 3982.26817, 3981.39538]"
2026-09-03 02:16:21,Normal,7,60000,Original,Randomized Grid,10,31.90454,4036.21973,4032.05238,11.72185,"[4028.63208, 4034.64448, 4057.63464, 4024.45372, 4040.37075, 4026.37012, 4029.46029, 4047.01600, 4024.51255, 4049.10270]"
2026-09-03 02:17:01,Normal,7,60000,Sorted_X_Axis,Deterministic Grid,10,31.90454,4021.59202,4023.31669,18.82832,"[3996.39221, 4051.73027, 4028.58358, 4035.10566, 4021.45444, 3998.73166, 4022.44760, 3997.80878, 4039.48024, 4024.18578]"
2026-09-03 02:17:41,Normal,7,60000,Sorted_X_Axis,Randomized Grid,10,31.90454,4020.89245,4028.90112,25.68655,"[3977.37294, 4031.92393, 3999.35990, 4033.77624, 3990.57296, 4038.15135, 4039.11122, 4011.50204, 4061.27563, 4025.87832]"
2026-09-03 02:35:33,Adversarial,7,60000,Ladder_of_Pairs,Deterministic Grid,10,0.01502,107170.81167,106796.93289,1192.82326,"[108389.22856, 109887.58501, 106792.96831, 105887.91423, 106480.79508, 106593.95121, 107347.03735, 106114.45802, 106800.89746, 107413.28148]"
2026-09-03 02:36:13,Adversarial,7,60000,Ladder_of_Pairs,Randomized Grid,10,0.01502,4023.03427,4027.24107,33.52642,"[4093.09395, 4049.32745, 4030.92001, 4003.18155, 4030.40116, 3990.62831, 4035.35893, 3995.58599, 3977.76436, 4024.08098]"
2026-09-03 02:36:23,Normal,9,2000,Original,Deterministic Grid,10,204.07121,1021.13624,1021.49400,3.09474,"[1027.19996, 1023.71712, 1021.63810, 1022.93798, 1019.34588, 1016.73490, 1019.13044, 1017.62564, 1021.34989, 1021.68246]"
2026-09-03 02:36:33,Normal,9,2000,Original,Randomized Grid,10,204.07121,1020.68911,1020.83450,2.25283,"[1016.51874, 1018.31403, 1023.26094, 1020.28298, 1021.81580, 1022.92351, 1019.40477, 1021.38601, 1023.24974, 1019.73456]"
2026-09-03 02:36:44,Normal,9,2000,Sorted_X_Axis,Deterministic Grid,10,204.07121,1016.80809,1016.46923,2.46302,"[1018.55725, 1018.46507, 1015.09940, 1017.01684, 1016.40893, 1014.88863, 1014.66389, 1016.52953, 1014.14568, 1022.30562]"
2026-09-03 02:36:54,Normal,9,2000,Sorted_X_Axis,Randomized Grid,10,204.07121,1018.21841,1019.02439,2.75574,"[1017.56112, 1012.15000, 1019.31334, 1020.27603, 1021.56865, 1015.19959, 1019.25235, 1020.17086, 1018.79642, 1017.89570]"
2026-09-03 02:37:05,Adversarial,9,2000,Ladder_of_Pairs,Deterministic Grid,10,0.45001,1087.23601,1088.06337,3.49236,"[1088.87789, 1091.87307, 1090.17339, 1091.28063, 1082.93388, 1084.09468, 1083.40846, 1089.02317, 1083.44610, 1087.24885]"
2026-09-03 02:37:15,Adversarial,9,2000,Ladder_of_Pairs,Randomized Grid,10,0.45001,1018.08015,1016.66835,5.12412,"[1028.01771, 1014.41149, 1015.58014, 1021.79047, 1011.06999, 1017.75655, 1014.50693, 1020.33075, 1022.92933, 1014.40811]"
2026-09-03 02:38:18,Normal,9,10000,Original,Deterministic Grid,10,112.76408,6288.90739,6287.91430,5.04048,"[6282.62871, 6283.51679, 6292.54157, 6285.46148, 6296.49518, 6287.35863, 6290.15352, 6296.82067, 6285.62737, 6288.46998]"
2026-09-03 02:39:21,Normal,9,10000,Original,Randomized Grid,10,112.76408,6297.72199,6298.19752,17.32816,"[6317.29451, 6289.42780, 6274.72362, 6308.17984, 6288.96202, 6273.46414, 6322.65314, 6286.81946, 6306.96723, 6308.72812]"
2026-09-03 02:40:24,Normal,9,10000,Sorted_X_Axis,Deterministic Grid,10,112.76408,6324.31277,6325.14133,13.51451,"[6293.05542, 6320.82117, 6327.11822, 6332.47086, 6320.70730, 6329.92791, 6328.14296, 6323.16445, 6346.84687, 6320.87250]"
2026-09-03 02:41:27,Normal,9,10000,Sorted_X_Axis,Randomized Grid,10,112.76408,6292.50451,6299.04747,15.09298,"[6300.93400, 6270.76842, 6281.37890, 6307.17288, 6311.09005, 6298.22322, 6270.62149, 6281.16831, 6299.87173, 6303.81607]"
2026-09-03 02:42:55,Adversarial,9,10000,Ladder_of_Pairs,Deterministic Grid,10,0.08999,8842.18346,8852.69534,22.02676,"[8853.20722, 8825.66965, 8854.83055, 8856.70191, 8797.13431, 8816.78344, 8863.65639, 8852.18346, 8840.43418, 8861.23351]"
2026-09-03 02:43:58,Adversarial,9,10000,Ladder_of_Pairs,Randomized Grid,10,0.08999,6294.04744,6293.28918,10.94614,"[6288.59462, 6282.32118, 6307.26204, 6300.71648, 6303.88370, 6295.81333, 6280.63119, 6281.12745, 6290.76504, 6309.35936]"
2026-09-03 02:48:48,Normal,9,40000,Original,Deterministic Grid,10,68.66290,28948.88994,28937.17540,39.00730,"[28925.14584, 28949.20497, 29022.15252, 28922.21804, 28987.66926, 28962.64314, 28983.89352, 28911.72824, 28907.20000, 28917.04389]"
2026-09-03 02:53:36,Normal,9,40000,Original,Randomized Grid,10,68.66290,28853.30887,28864.92720,60.43996,"[28915.28636, 28861.16012, 28804.09946, 28894.33982, 28901.01095, 28789.30448, 28908.09957, 28866.23600, 28863.61840, 28729.93353]"
2026-09-03 02:58:24,Normal,9,40000,Sorted_X_Axis,Deterministic Grid,10,68.66290,28779.35446,28785.91011,77.93616,"[28647.22913, 28716.83459, 28709.12198, 28778.60683, 28901.76660, 28869.41072, 28838.85048, 28793.21339, 28795.10808, 28743.40281]"
2026-09-03 03:03:13,Normal,9,40000,Sorted_X_Axis,Randomized Grid,10,68.66290,28851.31273,28842.58058,88.08538,"[28909.38192, 28825.67207, 28745.21176, 28931.17461, 28919.41359, 28735.98397, 28834.02528, 28999.34516, 28761.78305, 28851.13589]"
2026-09-03 03:15:53,Adversarial,9,40000,Ladder_of_Pairs,Deterministic Grid,10,0.02250,76065.72292,76100.40424,152.94558,"[75972.23092, 76102.96966, 76107.90702, 75793.77946, 76219.63180, 75905.74480, 76112.40392, 76015.14292, 76329.57991, 76097.83883]"
2026-09-03 03:20:41,Adversarial,9,40000,Ladder_of_Pairs,Randomized Grid,10,0.02250,28766.85951,28751.80605,80.58724,"[28881.63559, 28836.15970, 28897.67038, 28732.51775, 28685.56501, 28714.14475, 28693.41707, 28775.05997, 28681.33049, 28771.09434]"
