Timestamp,Hour_Tag,Num_Points,Min_Separation_m,Input_Order,Algorithm,Iterations,Min_Distance_m,Flight1_ID,Flight2_ID,Flight1_Epoch_UTC,Flight2_Epoch_UTC,Mean_Time_ms,Median_Time_ms,StdDev_Time_ms,Raw_Times_ms,Mean_Rebuilds,Median_Rebuilds,StdDev_Rebuilds,Raw_Rebuilds
2026-09-12 08:21:48,states_2019-05-27-00_4d,1280803,0.05,Original,Deterministic Grid,10,2.424,8158324,8157184,1558917510.0,1558917510.0,9675.176,9580.387,292.381,"[9533.38838, 9662.47687, 9536.76817, 9447.48177, 9885.02051, 10349.73170, 9624.00569, 9872.08902, 9482.99958, 9357.79578]",24.00,24.00,0.00,"[24, 24, 24, 24, 24, 24, 24, 24, 24, 24]"
2026-09-12 08:23:20,states_2019-05-27-00_4d,1280803,0.05,Original,Randomized Grid,10,2.424,8157184,8158324,1558917560.0,1558917560.0,9244.147,9068.980,480.733,"[8799.69862, 8871.58472, 8973.54858, 8871.10173, 9502.35550, 9304.85024, 9147.08928, 8990.87044, 10360.41654, 9619.95335]",20.70,20.00,3.09,"[23, 17, 18, 24, 19, 24, 25, 19, 21, 17]"
2026-09-12 08:25:06,states_2019-05-27-00_4d,1280803,0.05,Sorted_Time,Deterministic Grid,10,2.424,8158324,8157184,1558917510.0,1558917510.0,10556.244,9701.971,1549.823,"[9795.27101, 9660.91694, 11498.66295, 12638.66231, 13825.81941, 9547.39715, 9602.91571, 9694.94417, 9708.99871, 9588.84897]",22.00,22.00,0.00,"[22, 22, 22, 22, 22, 22, 22, 22, 22, 22]"
2026-09-12 08:26:52,states_2019-05-27-00_4d,1280803,0.05,Sorted_Time,Randomized Grid,10,2.424,8157184,8158324,1558917530.0,1558917530.0,10538.610,9687.365,1677.899,"[9075.78899, 9109.48223, 9670.77754, 9178.87608, 9703.95335, 13167.98448, 12885.79444, 12439.45994, 9241.85993, 10912.12064]",22.60,23.50,3.53,"[23, 25, 23, 23, 24, 25, 19, 14, 25, 25]"
2026-09-12 08:28:47,states_2019-05-27-01_4d,1217785,0.05,Original,Deterministic Grid,10,1.146,11098348,10871946,1558920630.0,1558920630.0,11544.374,11938.372,1662.198,"[12699.48334, 9825.53970, 9147.92998, 11511.32789, 9169.26242, 13096.40002, 13276.12281, 11100.91848, 12365.41534, 13251.34492]",23.00,23.00,0.00,"[23, 23, 23, 23, 23, 23, 23, 23, 23, 23]"
2026-09-12 08:30:31,states_2019-05-27-01_4d,1217785,0.05,Original,Randomized Grid,10,1.146,11098348,10871946,1558921070.0,1558921070.0,10347.687,10550.803,1492.781,"[12530.09067, 11296.84250, 11416.33426, 10721.55527, 11606.27866, 8054.70173, 8986.74889, 10380.05127, 8249.54423, 10234.72608]",23.60,24.50,5.10,"[28, 20, 24, 19, 28, 13, 23, 25, 26, 30]"
2026-09-12 08:32:16,states_2019-05-27-01_4d,1217785,0.05,Sorted_Time,Deterministic Grid,10,1.146,11098348,10871946,1558920630.0,1558920630.0,10490.620,10508.403,1673.362,"[13094.96937, 12443.06771, 11887.05058, 10210.50674, 10806.29859, 8760.44568, 8769.28945, 8763.87833, 8818.09817, 11352.59481]",32.00,32.00,0.00,"[32, 32, 32, 32, 32, 32, 32, 32, 32, 32]"
2026-09-12 08:34:09,states_2019-05-27-01_4d,1217785,0.05,Sorted_Time,Randomized Grid,10,1.146,11098348,10871946,1558920660.0,1558920660.0,11275.547,11133.184,854.289,"[10821.32444, 11404.50929, 12142.53462, 10095.86305, 10861.85782, 12004.09028, 12444.70108, 12092.35657, 10648.38427, 10239.85276]",20.40,19.00,5.72,"[14, 16, 26, 16, 14, 27, 29, 17, 24, 21]"
2026-09-12 08:35:47,states_2019-05-27-02_4d,1143456,0.05,Original,Deterministic Grid,10,2.512,8390601,8390629,1558925790.0,1558925790.0,9855.472,8629.305,1860.757,"[10388.70311, 12277.56685, 12447.42223, 12506.02183, 8647.58203, 8490.94869, 8389.46870, 8401.96994, 8394.01182, 8611.02715]",21.00,21.00,0.00,"[21, 21, 21, 21, 21, 21, 21, 21, 21, 21]"
2026-09-12 08:37:08,states_2019-05-27-02_4d,1143456,0.05,Original,Randomized Grid,10,2.512,8390629,8390601,1558925790.0,1558925790.0,8014.008,7954.050,273.150,"[8024.27142, 7923.86252, 8643.88386, 7938.21434, 7969.88554, 7844.93195, 7882.99722, 8223.02433, 7607.93292, 8081.07834]",26.80,26.50,3.82,"[30, 31, 26, 23, 29, 27, 22, 33, 23, 24]"
2026-09-12 08:38:34,states_2019-05-27-02_4d,1143456,0.05,Sorted_Time,Deterministic Grid,10,2.512,8390601,8390629,1558925790.0,1558925790.0,8598.278,8374.906,369.722,"[8363.16071, 8386.65149, 8288.46290, 8346.77519, 8322.23879, 8568.83429, 9119.06441, 9048.17350, 9194.84542, 8344.57682]",26.00,26.00,0.00,"[26, 26, 26, 26, 26, 26, 26, 26, 26, 26]"
2026-09-12 08:39:55,states_2019-05-27-02_4d,1143456,0.05,Sorted_Time,Randomized Grid,10,2.512,8390601,8390629,1558925790.0,1558925790.0,8128.703,7990.476,589.849,"[7997.44071, 7574.75740, 8432.29770, 7725.18141, 8424.79836, 7745.62327, 9545.92945, 7983.51083, 7606.09339, 8251.39509]",22.70,21.00,5.17,"[24, 20, 29, 18, 19, 21, 34, 21, 23, 18]"
2026-09-12 08:41:30,states_2019-05-27-03_4d,1087375,0.05,Original,Deterministic Grid,10,0.250,10697042,10692287,1558929570.0,1558929570.0,9463.326,9446.447,73.282,"[9502.21205, 9517.41279, 9609.66265, 9518.85966, 9425.30421, 9409.37549, 9467.58964, 9380.50255, 9415.92572, 9386.41557]",19.00,19.00,0.00,"[19, 19, 19, 19, 19, 19, 19, 19, 19, 19]"
2026-09-12 08:42:49,states_2019-05-27-03_4d,1087375,0.05,Original,Randomized Grid,10,0.250,10697042,10692287,1558929570.0,1558929570.0,7916.179,7803.671,343.922,"[7596.34419, 7621.40619, 7717.72487, 7983.70934, 7809.10022, 8392.27666, 7798.24133, 8446.34572, 7512.54172, 8284.10146]",24.20,24.00,4.71,"[25, 26, 21, 22, 34, 27, 22, 26, 16, 23]"
2026-09-12 08:44:24,states_2019-05-27-03_4d,1087375,0.05,Sorted_Time,Deterministic Grid,10,0.250,10692287,10697042,1558929570.0,1558929570.0,9447.760,9450.085,47.465,"[9530.38130, 9392.60840, 9487.95348, 9486.19149, 9384.68953, 9411.94723, 9471.43204, 9412.22171, 9439.56618, 9460.60435]",20.00,20.00,0.00,"[20, 20, 20, 20, 20, 20, 20, 20, 20, 20]"
2026-09-12 08:45:40,states_2019-05-27-03_4d,1087375,0.05,Sorted_Time,Randomized Grid,10,0.250,10692287,10697042,1558929570.0,1558929570.0,7669.331,7694.144,303.881,"[7293.14800, 7787.00746, 8195.92192, 7797.23867, 7970.38458, 7190.30907, 7695.76594, 7647.13313, 7423.87604, 7692.52134]",26.40,27.00,3.75,"[27, 31, 27, 19, 31, 23, 28, 29, 24, 25]"
2026-09-12 08:46:49,states_2019-05-27-04_4d,1077477,0.05,Original,Deterministic Grid,10,4.677,8158274,8158262,1558929810.0,1558929810.0,6822.121,6823.661,16.594,"[6819.06050, 6844.06321, 6827.40340, 6843.61873, 6814.09625, 6827.32953, 6793.88583, 6819.99238, 6799.65925, 6832.10206]",16.00,16.00,0.00,"[16, 16, 16, 16, 16, 16, 16, 16, 16, 16]"
2026-09-12 08:48:04,states_2019-05-27-04_4d,1077477,0.05,Original,Randomized Grid,10,4.677,8158262,8158274,1558929810.0,1558929810.0,7531.857,7449.498,196.573,"[7352.51300, 7681.54899, 7327.43245, 7371.77262, 7438.00372, 7881.81113, 7589.97684, 7800.56480, 7460.99309, 7413.95097]",23.90,24.00,7.02,"[33, 21, 18, 27, 23, 34, 15, 25, 14, 29]"
2026-09-12 08:49:13,states_2019-05-27-04_4d,1077477,0.05,Sorted_Time,Deterministic Grid,10,4.677,8158274,8158262,1558929810.0,1558929810.0,6875.409,6875.820,81.066,"[6958.94969, 6790.45425, 6804.19668, 6786.17139, 6791.11636, 6840.20213, 6965.56329, 6985.43291, 6911.43706, 6920.56452]",14.00,14.00,0.00,"[14, 14, 14, 14, 14, 14, 14, 14, 14, 14]"
2026-09-12 08:50:30,states_2019-05-27-04_4d,1077477,0.05,Sorted_Time,Randomized Grid,10,4.677,8158274,8158262,1558929810.0,1558929810.0,7652.031,7717.688,337.884,"[7200.17482, 7381.24614, 7721.91120, 7350.02419, 7307.81687, 7740.01029, 7994.15751, 7854.67064, 7713.46383, 8256.83684]",25.40,27.00,3.98,"[20, 29, 29, 25, 28, 26, 28, 21, 29, 19]"
2026-09-12 08:52:06,states_2019-05-27-05_4d,1280291,0.05,Original,Deterministic Grid,10,3.363,8157621,8157622,1558936530.0,1558936530.0,9600.371,9643.963,182.837,"[9748.19830, 9639.35476, 9412.32731, 9758.20333, 9849.92552, 9633.36849, 9648.57214, 9283.41832, 9650.35921, 9379.97782]",13.00,13.00,0.00,"[13, 13, 13, 13, 13, 13, 13, 13, 13, 13]"
2026-09-12 08:53:39,states_2019-05-27-05_4d,1280291,0.05,Original,Randomized Grid,10,3.363,8157621,8157622,1558936530.0,1558936530.0,9333.299,9326.296,145.918,"[9608.52244, 9315.03153, 9164.79999, 9206.97967, 9337.56027, 9488.77575, 9415.08573, 9314.66491, 9347.68205, 9133.89203]",23.40,24.00,4.38,"[24, 18, 25, 22, 24, 25, 24, 26, 31, 15]"
2026-09-12 08:55:12,states_2019-05-27-05_4d,1280291,0.05,Sorted_Time,Deterministic Grid,10,3.363,8157621,8157622,1558936530.0,1558936530.0,9284.346,9265.948,76.666,"[9311.28749, 9290.51351, 9260.87429, 9271.02208, 9235.08222, 9230.50362, 9389.40745, 9206.66288, 9210.35637, 9437.75314]",12.00,12.00,0.00,"[12, 12, 12, 12, 12, 12, 12, 12, 12, 12]"
2026-09-12 08:56:45,states_2019-05-27-05_4d,1280291,0.05,Sorted_Time,Randomized Grid,10,3.363,8157621,8157622,1558936530.0,1558936530.0,9278.267,9318.756,227.210,"[9571.38262, 9245.36950, 9204.43478, 9399.02471, 9432.21769, 9471.88262, 9013.86972, 8806.97191, 9342.15924, 9295.35255]",23.90,23.50,2.42,"[21, 25, 22, 22, 24, 25, 22, 23, 29, 26]"
2026-09-12 08:58:35,states_2019-05-27-06_4d,1291352,0.05,Original,Deterministic Grid,10,2.693,8391411,8391979,1558938990.0,1558938990.0,11008.984,9764.968,1875.859,"[9606.22136, 9745.71684, 9645.22218, 9770.51508, 9730.94636, 9759.42155, 11249.74386, 12270.48295, 13977.53755, 14334.03314]",14.00,14.00,0.00,"[14, 14, 14, 14, 14, 14, 14, 14, 14, 14]"
2026-09-12 09:00:29,states_2019-05-27-06_4d,1291352,0.05,Original,Randomized Grid,10,2.693,8391979,8391411,1558938990.0,1558938990.0,11401.143,10483.526,2040.594,"[14249.85317, 12727.67905, 9179.62058, 9844.09583, 9279.06298, 10041.93673, 10440.79327, 14085.77209, 10526.25774, 13636.36231]",24.80,24.50,4.34,"[21, 20, 28, 21, 30, 24, 27, 32, 25, 20]"
2026-09-12 09:02:19,states_2019-05-27-06_4d,1291352,0.05,Sorted_Time,Deterministic Grid,10,2.693,8391411,8391979,1558938990.0,1558938990.0,10926.435,9747.688,1968.012,"[14126.60518, 12862.45609, 14167.66529, 10230.88454, 9591.09634, 9577.76263, 9682.26133, 9767.02358, 9728.35247, 9530.24141]",10.00,10.00,0.00,"[10, 10, 10, 10, 10, 10, 10, 10, 10, 10]"
2026-09-12 09:03:56,states_2019-05-27-06_4d,1291352,0.05,Sorted_Time,Randomized Grid,10,2.693,8391411,8391979,1558938990.0,1558938990.0,9700.624,9545.621,628.526,"[10362.24429, 9008.67872, 9530.62945, 9533.96120, 9539.00122, 9552.24010, 9907.35103, 10145.44049, 8642.56930, 10784.12673]",23.10,24.00,5.04,"[19, 27, 25, 19, 22, 30, 28, 24, 13, 24]"
2026-09-12 09:05:33,states_2019-05-27-07_4d,1299627,0.05,Original,Deterministic Grid,10,1.841,5023526,3954406,1558941290.0,1558941290.0,9670.535,9153.743,1170.182,"[9158.71963, 9127.46014, 9048.84500, 9227.99007, 10950.20441, 12580.95626, 9206.38534, 9139.43608, 9116.58653, 9148.76541]",16.00,16.00,0.00,"[16, 16, 16, 16, 16, 16, 16, 16, 16, 16]"
2026-09-12 09:07:03,states_2019-05-27-07_4d,1299627,0.05,Original,Randomized Grid,10,1.841,5023526,3954406,1558941320.0,1558941320.0,9000.171,8953.501,211.322,"[8825.67352, 8798.55196, 8811.18364, 9396.34147, 9000.84333, 9053.37026, 8871.11453, 9337.62568, 8968.12688, 8938.87415]",22.00,22.00,5.81,"[27, 20, 31, 25, 14, 22, 22, 28, 15, 16]"
2026-09-12 09:08:35,states_2019-05-27-07_4d,1299627,0.05,Sorted_Time,Deterministic Grid,10,1.841,3954406,5023526,1558941290.0,1558941290.0,9185.292,9220.792,86.348,"[9158.80447, 9071.38381, 9079.97943, 9058.70143, 9238.46919, 9283.90660, 9256.68666, 9216.38437, 9225.19922, 9263.40527]",20.00,20.00,0.00,"[20, 20, 20, 20, 20, 20, 20, 20, 20, 20]"
2026-09-12 09:10:05,states_2019-05-27-07_4d,1299627,0.05,Sorted_Time,Randomized Grid,10,1.841,3954406,5023526,1558941320.0,1558941320.0,9024.104,9022.408,158.198,"[9000.34599, 9213.24226, 9264.79206, 9069.46579, 8921.05184, 8879.37121, 8770.17138, 9044.47018, 9165.55790, 8912.56977]",23.50,22.50,4.84,"[23, 32, 29, 21, 24, 18, 22, 21, 17, 28]"
2026-09-12 09:11:45,states_2019-05-27-08_4d,1329510,0.05,Original,Deterministic Grid,10,3.631,8154197,8154256,1558945940.0,1558945940.0,10035.141,10047.172,43.134,"[9973.51326, 10066.38581, 10034.52982, 10040.03594, 9978.11792, 10063.07932, 10054.30858, 10077.72913, 9978.41636, 10085.29694]",24.00,24.00,0.00,"[24, 24, 24, 24, 24, 24, 24, 24, 24, 24]"
2026-09-12 09:13:48,states_2019-05-27-08_4d,1329510,0.05,Original,Randomized Grid,10,3.631,8154197,8154256,1558946040.0,1558946040.0,12223.871,13280.012,2185.334,"[9270.24040, 9606.54779, 9258.85674, 11004.31784, 14380.26513, 13277.42565, 14068.87740, 14370.19852, 13719.37831, 13282.59792]",23.40,22.00,5.34,"[22, 28, 33, 17, 19, 18, 29, 26, 20, 22]"
2026-09-12 09:15:38,states_2019-05-27-08_4d,1329510,0.05,Sorted_Time,Deterministic Grid,10,3.631,8154197,8154256,1558945940.0,1558945940.0,11005.749,9987.099,1906.041,"[14584.91274, 14441.71001, 11369.05305, 9984.97200, 9918.05643, 9989.22502, 10296.59168, 9816.02800, 9826.93753, 9830.00294]",25.00,25.00,0.00,"[25, 25, 25, 25, 25, 25, 25, 25, 25, 25]"
2026-09-12 09:17:31,states_2019-05-27-08_4d,1329510,0.05,Sorted_Time,Randomized Grid,10,3.631,8154256,8154197,1558946040.0,1558946040.0,11291.029,11175.452,1965.340,"[9543.07128, 9354.11647, 9163.04465, 9063.86135, 10772.32224, 13730.48262, 13666.80569, 12495.21008, 11578.58159, 13542.79145]",22.30,20.50,4.74,"[26, 20, 20, 22, 19, 18, 26, 33, 21, 18]"
2026-09-12 09:19:37,states_2019-05-27-09_4d,1389062,0.05,Original,Deterministic Grid,10,5.244,8154423,8154585,1558950030.0,1558950030.0,12615.851,13060.127,1793.832,"[14427.00074, 10129.05237, 10149.86406, 10984.18169, 14885.56119, 12908.15553, 13212.09917, 11470.50681, 14134.61918, 13857.47343]",15.00,15.00,0.00,"[15, 15, 15, 15, 15, 15, 15, 15, 15, 15]"
2026-09-12 09:21:24,states_2019-05-27-09_4d,1389062,0.05,Original,Randomized Grid,10,5.244,8154585,8154423,1558950040.0,1558950040.0,10639.698,10345.941,1115.125,"[13526.47170, 10104.42445, 9773.77621, 10628.21186, 11006.12363, 9643.51375, 10972.17871, 10525.58985, 10050.39889, 10166.29222]",25.50,26.00,4.45,"[25, 22, 18, 30, 28, 24, 27, 27, 21, 33]"
2026-09-12 09:23:07,states_2019-05-27-09_4d,1389062,0.05,Sorted_Time,Deterministic Grid,10,5.244,8154423,8154585,1558950030.0,1558950030.0,10329.084,10348.354,124.091,"[10401.99733, 10175.54574, 10167.10229, 10184.43646, 10389.36468, 10396.61410, 10443.78951, 10307.34414, 10296.45060, 10528.19642]",20.00,20.00,0.00,"[20, 20, 20, 20, 20, 20, 20, 20, 20, 20]"
2026-09-12 09:24:52,states_2019-05-27-09_4d,1389062,0.05,Sorted_Time,Randomized Grid,10,5.244,8154423,8154585,1558950040.0,1558950040.0,10420.440,10301.344,444.812,"[10229.01206, 10166.86649, 10937.10000, 11217.00190, 10145.92057, 10441.12480, 9749.19089, 10122.68030, 10373.67519, 10821.82845]",23.70,23.00,4.24,"[22, 22, 28, 21, 26, 25, 18, 32, 19, 24]"
2026-09-12 09:26:52,states_2019-05-27-10_4d,1485134,0.05,Original,Deterministic Grid,10,3.402,10729580,10977870,1558954650.0,1558954650.0,12050.914,12051.901,45.627,"[12102.49341, 12074.17302, 12096.24209, 12096.41563, 12048.43396, 12055.36774, 11975.66264, 12048.02063, 12035.38447, 11976.94416]",21.00,21.00,0.00,"[21, 21, 21, 21, 21, 21, 21, 21, 21, 21]"
2026-09-12 09:28:42,states_2019-05-27-10_4d,1485134,0.05,Original,Randomized Grid,10,3.402,10977870,10729580,1558954680.0,1558954680.0,10916.270,10925.922,292.846,"[10515.77824, 11068.17628, 10783.66677, 10579.74121, 11134.27310, 10719.31411, 10701.52990, 11163.34630, 11395.70554, 11101.16693]",23.10,23.00,3.90,"[30, 19, 23, 19, 24, 28, 18, 22, 25, 23]"
2026-09-12 09:31:03,states_2019-05-27-10_4d,1485134,0.05,Sorted_Time,Deterministic Grid,10,3.402,10729580,10977870,1558954650.0,1558954650.0,14092.976,13159.713,2381.628,"[12142.27103, 12025.57635, 12048.03599, 12075.87623, 12059.68184, 14177.15596, 14635.06925, 16821.70014, 17468.28734, 17476.10873]",19.00,19.00,0.00,"[19, 19, 19, 19, 19, 19, 19, 19, 19, 19]"
2026-09-12 09:33:12,states_2019-05-27-10_4d,1485134,0.05,Sorted_Time,Randomized Grid,10,3.402,10729580,10977870,1558954780.0,1558954780.0,12888.121,12205.267,2040.751,"[16106.55698, 15364.62879, 15481.01788, 11640.94139, 10947.84918, 10737.67744, 11989.59206, 13106.55211, 11085.45383, 12420.94253]",22.90,22.50,3.45,"[25, 29, 23, 21, 21, 18, 27, 19, 24, 22]"
2026-09-12 09:35:23,states_2019-05-27-11_4d,1644677,0.05,Original,Deterministic Grid,10,5.156,4958799,5024071,1558957290.0,1558957290.0,13066.546,12892.835,618.430,"[14806.68800, 12706.92541, 13004.73397, 12888.56430, 12897.10612, 12786.54793, 12956.73139, 12961.02317, 12881.56826, 12775.57475]",23.00,23.00,0.00,"[23, 23, 23, 23, 23, 23, 23, 23, 23, 23]"
2026-09-12 09:37:32,states_2019-05-27-11_4d,1644677,0.05,Original,Randomized Grid,10,5.156,4958799,5024071,1558957300.0,1558957300.0,12851.130,12378.362,1076.758,"[12417.42019, 12308.27250, 12339.30306, 12258.73202, 12320.37730, 12862.37754, 12958.42281, 13021.16049, 12235.17365, 15790.06250]",24.30,24.00,5.33,"[25, 27, 24, 15, 24, 19, 30, 34, 22, 23]"
2026-09-12 09:39:39,states_2019-05-27-11_4d,1644677,0.05,Sorted_Time,Deterministic Grid,10,5.156,4958799,5024071,1558957290.0,1558957290.0,12700.819,12672.925,69.969,"[12716.98707, 12661.94238, 12690.20909, 12638.94983, 12670.39498, 12661.67416, 12645.82745, 12856.40379, 12675.45493, 12790.34764]",27.00,27.00,0.00,"[27, 27, 27, 27, 27, 27, 27, 27, 27, 27]"
2026-09-12 09:41:49,states_2019-05-27-11_4d,1644677,0.05,Sorted_Time,Randomized Grid,10,5.156,5024071,4958799,1558957310.0,1558957310.0,12977.854,12633.509,1238.843,"[13506.56812, 13422.86802, 16137.97007, 12299.59477, 12858.38239, 11841.49219, 11918.78910, 12533.53451, 12525.85954, 12733.48336]",24.60,25.00,4.93,"[25, 19, 17, 21, 32, 25, 26, 31, 22, 28]"
2026-09-12 09:44:08,states_2019-05-27-12_4d,1767232,0.05,Original,Deterministic Grid,10,4.473,11304536,11094859,1558960930.0,1558960930.0,13890.380,13796.814,305.693,"[13616.50123, 13701.70084, 13819.44615, 13774.18095, 13841.23222, 14394.92422, 13745.63333, 13631.68874, 13882.32954, 14496.16158]",27.00,27.00,0.00,"[27, 27, 27, 27, 27, 27, 27, 27, 27, 27]"
2026-09-12 09:46:52,states_2019-05-27-12_4d,1767232,0.05,Original,Randomized Grid,10,4.473,11094859,11304536,1558960930.0,1558960930.0,16385.972,16322.919,2456.920,"[13824.26450, 14270.54135, 13335.47848, 14934.86124, 18549.85758, 20008.56435, 18338.22424, 17710.97599, 14381.87970, 18505.07463]",29.00,29.50,4.71,"[23, 36, 25, 27, 33, 32, 31, 33, 28, 22]"
2026-09-12 09:49:24,states_2019-05-27-12_4d,1767232,0.05,Sorted_Time,Deterministic Grid,10,4.473,11304536,11094859,1558960930.0,1558960930.0,15249.029,14388.831,1866.480,"[16707.23520, 13755.08918, 13687.56258, 13634.30705, 13722.57807, 13593.65839, 15022.57360, 18467.37677, 16364.99063, 17534.91989]",28.00,28.00,0.00,"[28, 28, 28, 28, 28, 28, 28, 28, 28, 28]"
2026-09-12 09:52:02,states_2019-05-27-12_4d,1767232,0.05,Sorted_Time,Randomized Grid,10,4.473,11094859,11304536,1558960930.0,1558960930.0,15687.520,15031.987,2196.249,"[13867.54804, 13827.34928, 17006.49436, 13638.76540, 17525.65095, 16196.42682, 19015.46644, 18475.13309, 13716.76680, 13605.60121]",26.20,27.50,4.87,"[28, 20, 29, 23, 33, 20, 29, 21, 32, 27]"
2026-09-12 09:54:44,states_2019-05-27-13_4d,1897700,0.05,Original,Deterministic Grid,10,5.099,8389855,8391634,1558964730.0,1558964730.0,16236.306,15140.659,2292.480,"[14923.51845, 14794.22080, 15147.10859, 20617.38113, 20493.13182, 15799.50661, 15134.20938, 15038.38022, 15067.52724, 15348.08035]",21.00,21.00,0.00,"[21, 21, 21, 21, 21, 21, 21, 21, 21, 21]"
2026-09-12 09:57:53,states_2019-05-27-13_4d,1897700,0.05,Original,Randomized Grid,10,5.099,8389855,8391634,1558964740.0,1558964740.0,18808.963,19991.104,2644.462,"[14784.21030, 14418.82378, 18120.55561, 20812.30105, 20079.61135, 19902.59650, 20609.31289, 21208.89830, 16728.83875, 21424.48488]",26.30,25.50,5.40,"[24, 21, 26, 29, 20, 39, 27, 29, 25, 23]"
2026-09-12 10:01:55,states_2019-05-27-13_4d,1897700,0.05,Sorted_Time,Deterministic Grid,10,5.099,8389855,8391634,1558964730.0,1558964730.0,24186.173,24223.004,709.729,"[23486.78152, 23676.90276, 24179.58478, 24357.71578, 24641.93928, 22995.33312, 24266.42241, 25475.69901, 24824.65524, 23956.69198]",21.00,21.00,0.00,"[21, 21, 21, 21, 21, 21, 21, 21, 21, 21]"
2026-09-12 10:04:57,states_2019-05-27-13_4d,1897700,0.05,Sorted_Time,Randomized Grid,10,5.099,8389855,8391634,1558964740.0,1558964740.0,18176.430,17210.234,3197.184,"[22783.12959, 17086.89861, 15765.62088, 15595.80774, 15793.07322, 17416.89480, 21169.47583, 23777.32221, 17333.56871, 15042.50535]",26.20,26.00,4.47,"[29, 33, 32, 24, 20, 24, 27, 28, 25, 20]"
2026-09-12 10:07:50,states_2019-05-27-14_4d,2067150,0.05,Original,Deterministic Grid,10,0.915,11225152,11386424,1558967080.0,1558967080.0,17300.608,17324.715,108.337,"[17203.64864, 17322.57918, 17304.54466, 17366.38829, 17499.60794, 17353.15290, 17327.38620, 17188.69546, 17326.85025, 17113.22331]",16.00,16.00,0.00,"[16, 16, 16, 16, 16, 16, 16, 16, 16, 16]"
2026-09-12 10:11:03,states_2019-05-27-14_4d,2067150,0.05,Original,Randomized Grid,10,0.915,11225152,11386424,1558967080.0,1558967080.0,19198.416,18516.121,2239.523,"[17631.98306, 18458.42996, 17174.23022, 16955.72244, 18573.81226, 17970.24179, 23540.48223, 22670.99344, 19584.98244, 19423.28419]",26.30,26.50,5.14,"[26, 28, 21, 28, 24, 32, 27, 36, 19, 22]"
2026-09-12 10:13:59,states_2019-05-27-14_4d,2067150,0.05,Sorted_Time,Deterministic Grid,10,0.915,11225152,11386424,1558967080.0,1558967080.0,17595.844,17476.416,447.467,"[18631.36884, 17768.06515, 17833.79026, 17387.76442, 17322.24229, 17376.81859, 17766.39532, 17565.06689, 17320.62582, 16986.29969]",18.00,18.00,0.00,"[18, 18, 18, 18, 18, 18, 18, 18, 18, 18]"
2026-09-12 10:17:04,states_2019-05-27-14_4d,2067150,0.05,Sorted_Time,Randomized Grid,10,0.915,11386424,11225152,1558967100.0,1558967100.0,18431.799,17426.945,2415.304,"[16782.14226, 18134.12079, 17014.63739, 20976.88102, 24381.14259, 17403.37245, 17093.72215, 17995.55633, 17450.51670, 17085.89791]",24.60,24.50,6.00,"[19, 24, 18, 25, 28, 25, 19, 32, 20, 36]"
2026-09-12 10:20:06,states_2019-05-27-15_4d,2168057,0.05,Original,Deterministic Grid,10,1.148,3755028,655478,1558970250.0,1558970250.0,18220.003,18177.326,209.920,"[18132.56363, 18138.09602, 18154.73301, 18268.25830, 18374.66376, 18089.70604, 18523.86373, 18199.91855, 18501.61199, 17816.61967]",19.00,19.00,0.00,"[19, 19, 19, 19, 19, 19, 19, 19, 19, 19]"
2026-09-12 10:23:13,states_2019-05-27-15_4d,2168057,0.05,Original,Randomized Grid,10,1.148,655478,3755028,1558970270.0,1558970270.0,18623.910,18529.000,1004.394,"[18090.44729, 18906.04165, 18067.57965, 21086.22397, 18506.00108, 18551.99891, 18979.68191, 18799.11251, 17330.52145, 17921.49065]",26.20,27.00,5.49,"[18, 23, 22, 38, 27, 27, 22, 30, 28, 27]"
2026-09-12 10:26:16,states_2019-05-27-15_4d,2168057,0.05,Sorted_Time,Deterministic Grid,10,1.148,3755028,655478,1558970250.0,1558970250.0,18339.304,18286.685,224.983,"[18075.12128, 18289.39618, 18272.70226, 18448.20573, 18880.28581, 18141.47324, 18192.74162, 18372.03384, 18437.10966, 18283.97445]",17.00,17.00,0.00,"[17, 17, 17, 17, 17, 17, 17, 17, 17, 17]"
2026-09-12 10:29:27,states_2019-05-27-15_4d,2168057,0.05,Sorted_Time,Randomized Grid,10,1.148,3755028,655478,1558970250.0,1558970250.0,18976.086,18816.236,981.221,"[18796.88653, 19421.08825, 18716.71890, 19058.05115, 20983.55565, 18815.44699, 18817.02524, 19846.95690, 17747.83735, 17557.29508]",28.60,29.00,4.58,"[31, 26, 21, 27, 35, 23, 35, 29, 29, 30]"
2026-09-12 10:32:38,states_2019-05-27-16_4d,2184916,0.05,Original,Deterministic Grid,10,0.982,4198634,4219189,1558975260.0,1558975260.0,19115.940,19124.830,311.837,"[18787.01056, 19489.69327, 19108.03684, 19312.15674, 18807.92732, 19641.53141, 19240.24633, 19141.62367, 18918.24252, 18712.92767]",13.00,13.00,0.00,"[13, 13, 13, 13, 13, 13, 13, 13, 13, 13]"
2026-09-12 10:35:49,states_2019-05-27-16_4d,2184916,0.05,Original,Randomized Grid,10,0.982,4198634,4219189,1558975260.0,1558975260.0,19099.254,18825.543,2329.883,"[19094.43553, 19384.76329, 18724.48857, 18682.60133, 19536.68571, 17457.15963, 17328.62849, 16702.84009, 18926.59802, 25154.34005]",27.40,27.00,5.89,"[20, 24, 30, 20, 31, 27, 27, 25, 30, 40]"
2026-09-12 10:39:28,states_2019-05-27-16_4d,2184916,0.05,Sorted_Time,Deterministic Grid,10,0.982,4198634,4219189,1558975260.0,1558975260.0,21844.348,22565.031,2727.164,"[23364.05324, 18628.07202, 18628.60241, 22089.04267, 24196.93595, 25827.48837, 23041.01920, 18676.50236, 24337.75468, 19654.01327]",19.00,19.00,0.00,"[19, 19, 19, 19, 19, 19, 19, 19, 19, 19]"
2026-09-12 10:42:41,states_2019-05-27-16_4d,2184916,0.05,Sorted_Time,Randomized Grid,10,0.982,4219189,4198634,1558975350.0,1558975350.0,19242.918,18217.895,2189.426,"[17845.98389, 19650.81427, 20864.16996, 19702.00280, 24666.14212, 18291.58572, 17800.33550, 17646.19472, 17817.74730, 18144.20370]",25.30,26.00,5.62,"[33, 30, 20, 19, 26, 23, 26, 26, 17, 33]"
2026-09-12 10:45:50,states_2019-05-27-17_4d,2168940,0.05,Original,Deterministic Grid,10,2.831,3417297,5024318,1558979070.0,1558979070.0,18936.844,18934.246,259.140,"[19539.26814, 18697.63723, 18956.92272, 18911.59345, 18956.89775, 19078.13567, 18701.60345, 18815.00009, 19055.04460, 18656.33805]",20.00,20.00,0.00,"[20, 20, 20, 20, 20, 20, 20, 20, 20, 20]"
2026-09-12 10:49:00,states_2019-05-27-17_4d,2168940,0.05,Original,Randomized Grid,10,2.831,5024318,3417297,1558979070.0,1558979070.0,18938.813,18377.806,1807.786,"[18167.98411, 18553.57595, 23435.39289, 20085.11403, 19598.18288, 18107.13965, 17328.31838, 18202.03647, 18640.38910, 17269.99723]",25.70,26.00,4.83,"[16, 28, 28, 24, 26, 33, 23, 26, 22, 31]"
2026-09-12 10:52:30,states_2019-05-27-17_4d,2168940,0.05,Sorted_Time,Deterministic Grid,10,2.831,3417297,5024318,1558979070.0,1558979070.0,20953.722,19206.077,3463.735,"[22471.82613, 18734.77510, 25774.23984, 26614.95519, 23983.05120, 17462.95186, 17351.34241, 19009.29546, 19402.85772, 18731.92588]",23.00,23.00,0.00,"[23, 23, 23, 23, 23, 23, 23, 23, 23, 23]"
2026-09-12 10:55:44,states_2019-05-27-17_4d,2168940,0.05,Sorted_Time,Randomized Grid,10,2.831,5024318,3417297,1558979110.0,1558979110.0,19307.507,19044.054,1823.275,"[23469.08375, 21336.74316, 18235.80832, 19155.50155, 17615.37672, 17979.44641, 17714.02757, 18932.60704, 19274.61652, 19361.85814]",27.00,26.00,4.55,"[23, 38, 22, 30, 29, 25, 25, 26, 26, 26]"
2026-09-12 10:58:56,states_2019-05-27-18_4d,2121357,0.05,Original,Deterministic Grid,10,3.478,4691186,5023930,1558983220.0,1558983220.0,19236.637,18536.569,1180.841,"[18268.80341, 19800.99252, 21377.39000, 18428.46042, 18354.54077, 18313.74196, 20925.10603, 19901.82601, 18350.83191, 18644.67834]",19.00,19.00,0.00,"[19, 19, 19, 19, 19, 19, 19, 19, 19, 19]"
2026-09-12 11:02:03,states_2019-05-27-18_4d,2121357,0.05,Original,Randomized Grid,10,3.478,5023930,4691186,1558983220.0,1558983220.0,18633.087,17486.599,2786.150,"[17336.76846, 25700.86958, 17930.78680, 20059.53185, 17636.42870, 17305.57580, 17126.49579, 16792.26938, 16357.17943, 20084.96203]",28.70,29.00,4.11,"[24, 33, 26, 25, 31, 23, 32, 32, 27, 34]"
2026-09-12 11:05:03,states_2019-05-27-18_4d,2121357,0.05,Sorted_Time,Deterministic Grid,10,3.478,4691186,5023930,1558983220.0,1558983220.0,17970.121,17168.539,1828.506,"[18214.51301, 18699.65913, 22914.22729, 17104.02981, 17026.07774, 17074.95482, 17275.99829, 17085.82593, 17233.04914, 17072.87363]",15.00,15.00,0.00,"[15, 15, 15, 15, 15, 15, 15, 15, 15, 15]"
2026-09-12 11:08:01,states_2019-05-27-18_4d,2121357,0.05,Sorted_Time,Randomized Grid,10,3.478,5023930,4691186,1558983220.0,1558983220.0,17818.328,17243.192,1585.745,"[16675.09279, 16619.62730, 16479.26718, 17841.35403, 19563.69311, 19215.71997, 17003.55823, 20988.95957, 17482.82608, 16313.17863]",25.60,26.00,3.47,"[32, 26, 23, 25, 23, 27, 27, 28, 26, 19]"
2026-09-12 11:11:05,states_2019-05-27-19_4d,2095095,0.05,Original,Deterministic Grid,10,5.101,11357131,11353311,1558986570.0,1558986570.0,18408.093,18418.533,286.658,"[18413.70997, 19136.92677, 18206.11470, 18072.11503, 18456.99674, 18444.19316, 18277.15348, 18424.75508, 18225.61206, 18423.35530]",19.00,19.00,0.00,"[19, 19, 19, 19, 19, 19, 19, 19, 19, 19]"
2026-09-12 11:14:03,states_2019-05-27-19_4d,2095095,0.05,Original,Randomized Grid,10,5.101,11357131,11353311,1558986580.0,1558986580.0,17734.394,17808.952,947.078,"[15726.15400, 19033.32780, 18516.90163, 17309.20874, 17697.20377, 17379.94612, 16996.81488, 18294.89295, 18468.79374, 17920.70082]",25.60,23.50,4.84,"[22, 22, 32, 30, 24, 27, 21, 23, 21, 34]"
2026-09-12 11:17:18,states_2019-05-27-19_4d,2095095,0.05,Sorted_Time,Deterministic Grid,10,5.101,11357131,11353311,1558986570.0,1558986570.0,19469.807,19482.769,110.610,"[19584.07325, 19498.17326, 19504.87652, 19353.36107, 19437.53648, 19318.96174, 19467.36533, 19338.16342, 19659.32585, 19536.22961]",17.00,17.00,0.00,"[17, 17, 17, 17, 17, 17, 17, 17, 17, 17]"
2026-09-12 11:20:24,states_2019-05-27-19_4d,2095095,0.05,Sorted_Time,Randomized Grid,10,5.101,11353311,11357131,1558986580.0,1558986580.0,18520.418,18722.497,1072.778,"[17909.75873, 18481.25095, 17971.73608, 19817.51143, 18963.74293, 19010.25934, 19992.05769, 16586.90926, 17370.40786, 19100.54254]",26.50,24.00,8.34,"[19, 21, 28, 24, 21, 24, 35, 16, 35, 42]"
2026-09-12 11:23:14,states_2019-05-27-20_4d,2008853,0.05,Original,Deterministic Grid,10,0.866,11058752,11272138,1558989360.0,1558989360.0,16979.725,16819.868,962.692,"[19119.00971, 17526.04378, 17384.83097, 17471.91400, 17197.24114, 16373.84665, 16442.49391, 16061.76189, 16135.41285, 16084.69390]",23.00,23.00,0.00,"[23, 23, 23, 23, 23, 23, 23, 23, 23, 23]"
2026-09-12 11:26:06,states_2019-05-27-20_4d,2008853,0.05,Original,Randomized Grid,10,0.866,11272138,11058752,1558989360.0,1558989360.0,17211.541,16911.326,2074.014,"[15914.57080, 15654.35054, 14607.52627, 15215.09347, 18221.01780, 21104.32584, 19909.67300, 17666.20136, 16896.60040, 16926.05211]",25.20,25.50,5.14,"[28, 26, 14, 23, 30, 31, 30, 21, 25, 24]"
2026-09-12 11:28:54,states_2019-05-27-20_4d,2008853,0.05,Sorted_Time,Deterministic Grid,10,0.866,11058752,11272138,1558989360.0,1558989360.0,16816.386,16196.474,1208.139,"[18360.24891, 19547.48953, 17180.20706, 16131.94815, 16194.30218, 15947.83769, 16076.80926, 16337.77561, 16188.59461, 16198.64572]",30.00,30.00,0.00,"[30, 30, 30, 30, 30, 30, 30, 30, 30, 30]"
2026-09-12 11:31:33,states_2019-05-27-20_4d,2008853,0.05,Sorted_Time,Randomized Grid,10,0.866,11272138,11058752,1558989360.0,1558989360.0,15842.060,15451.652,1077.925,"[14575.98406, 15433.12553, 14732.52670, 16222.53588, 15207.23034, 15240.39848, 15470.17789, 16349.68010, 17659.39664, 17529.54615]",24.10,24.00,5.49,"[18, 29, 18, 30, 26, 21, 17, 30, 30, 22]"
2026-09-12 11:34:19,states_2019-05-27-21_4d,1824113,0.05,Original,Deterministic Grid,10,1.161,9004146,10996942,1558993080.0,1558993080.0,16589.443,16466.209,495.308,"[17693.89924, 17143.66398, 16183.98673, 16224.41789, 16419.28601, 16592.53282, 16178.34696, 16513.13133, 16748.49441, 16196.67520]",20.00,20.00,0.00,"[20, 20, 20, 20, 20, 20, 20, 20, 20, 20]"
2026-09-12 11:37:03,states_2019-05-27-21_4d,1824113,0.05,Original,Randomized Grid,10,1.161,9004146,10996942,1558993090.0,1558993090.0,16368.828,16438.381,586.862,"[16555.53311, 15421.53831, 16784.03466, 17234.00763, 16321.22913, 16891.63732, 16763.53949, 16155.05648, 15978.32879, 15583.37855]",20.70,21.00,6.02,"[19, 17, 15, 27, 16, 11, 24, 23, 30, 25]"
2026-09-12 11:39:45,states_2019-05-27-21_4d,1824113,0.05,Sorted_Time,Deterministic Grid,10,1.161,9004146,10996942,1558993080.0,1558993080.0,16144.665,16086.059,206.786,"[16007.61797, 16027.01873, 16294.88697, 16143.21944, 16134.61993, 16017.23648, 16101.76180, 15977.88205, 16070.35541, 16672.04922]",17.00,17.00,0.00,"[17, 17, 17, 17, 17, 17, 17, 17, 17, 17]"
2026-09-12 11:42:26,states_2019-05-27-21_4d,1824113,0.05,Sorted_Time,Randomized Grid,10,1.161,10996942,9004146,1558993090.0,1558993090.0,16101.367,16024.436,587.609,"[15902.83313, 16073.52119, 16927.15380, 15602.15989, 15236.15634, 16396.34899, 16642.05316, 15425.17237, 16832.92216, 15975.35101]",25.60,24.00,4.72,"[30, 23, 37, 24, 23, 27, 23, 24, 21, 24]"
2026-09-12 11:45:24,states_2019-05-27-22_4d,1687618,0.05,Original,Deterministic Grid,10,4.555,10675782,10623325,1558996640.0,1558996640.0,17797.735,17615.132,857.494,"[16205.92222, 17817.91300, 17286.16844, 17625.64582, 17604.61734, 17522.18125, 17538.06206, 18297.90413, 18667.00671, 19411.92722]",20.00,20.00,0.00,"[20, 20, 20, 20, 20, 20, 20, 20, 20, 20]"
2026-09-12 11:48:13,states_2019-05-27-22_4d,1687618,0.05,Original,Randomized Grid,10,4.555,10623325,10675782,1558996830.0,1558996830.0,16845.698,16443.445,1059.071,"[16216.82099, 16425.12969, 16004.94115, 16461.76115, 17248.10508, 18302.68943, 18912.09340, 15671.23833, 16050.28618, 17163.91780]",25.00,25.00,4.81,"[21, 21, 27, 32, 30, 25, 25, 30, 17, 22]"
2026-09-12 11:51:02,states_2019-05-27-22_4d,1687618,0.05,Sorted_Time,Deterministic Grid,10,4.555,10675782,10623325,1558996640.0,1558996640.0,16861.584,16769.634,293.444,"[16573.12086, 16938.66433, 16754.17811, 17543.94194, 17160.07752, 16824.88598, 16595.96471, 16785.09029, 16749.26245, 16690.64905]",23.00,23.00,0.00,"[23, 23, 23, 23, 23, 23, 23, 23, 23, 23]"
2026-09-12 11:53:27,states_2019-05-27-22_4d,1687618,0.05,Sorted_Time,Randomized Grid,10,4.555,10675782,10623325,1558996970.0,1558996970.0,14429.848,14875.605,1172.222,"[15552.49728, 14508.49268, 15134.06165, 15008.33733, 15087.09907, 14998.97817, 14716.33287, 14752.23196, 12269.21198, 12271.23417]",23.20,24.50,4.73,"[24, 16, 14, 23, 26, 28, 27, 27, 25, 22]"
2026-09-12 11:55:51,states_2019-05-27-23_4d,1520208,0.05,Original,Deterministic Grid,10,3.853,11222113,10726522,1559000540.0,1559000540.0,14400.079,14811.498,1848.308,"[11846.55233, 12033.80291, 12056.29587, 14642.46262, 15950.94134, 14457.12380, 17268.49600, 15675.28428, 14980.53413, 15089.29515]",20.00,20.00,0.00,"[20, 20, 20, 20, 20, 20, 20, 20, 20, 20]"
2026-09-12 11:58:20,states_2019-05-27-23_4d,1520208,0.05,Original,Randomized Grid,10,3.853,11222113,10726522,1559000560.0,1559000560.0,14861.670,14977.723,362.243,"[14956.31209, 15012.56561, 14589.18450, 14640.48656, 15187.84935, 14189.98828, 14555.39013, 14999.13339, 15062.37700, 15423.40816]",25.90,24.50,6.57,"[25, 18, 22, 39, 26, 27, 24, 35, 19, 24]"
2026-09-12 12:00:52,states_2019-05-27-23_4d,1520208,0.05,Sorted_Time,Deterministic Grid,10,3.853,11222113,10726522,1559000540.0,1559000540.0,15182.696,15088.935,329.439,"[14878.36592, 15332.91733, 15393.66900, 15156.79320, 14920.12380, 14951.14633, 15518.25008, 14820.70001, 15833.91843, 15021.07751]",15.00,15.00,0.00,"[15, 15, 15, 15, 15, 15, 15, 15, 15, 15]"
2026-09-12 12:03:11,states_2019-05-27-23_4d,1520208,0.05,Sorted_Time,Randomized Grid,10,3.853,11222113,10726522,1559000560.0,1559000560.0,13861.984,14012.884,1464.974,"[14042.81703, 16058.99068, 14919.73917, 14526.31258, 13379.17086, 15083.44856, 13982.95071, 13564.75138, 11215.39700, 11846.26264]",24.00,22.00,6.39,"[21, 20, 23, 20, 17, 18, 24, 33, 28, 36]"
