Dataset_Class,Subtype,Source_File,Dimension,Num_Points,Input_Order,Algorithm,Mean_Time_ms,Speedup,Rebuilds,StdDev_Time_ms,StdDev_Rebuilds,Iterations
Adversarial,Adversarial_Ladder_of_Pairs,experiment_results_20260911_182510.csv,2,5000,Ladder_of_Pairs,Deterministic Grid,2485.26587,199.85781215697094,2499.0,33.74339,0.0,10
Adversarial,Adversarial_Ladder_of_Pairs,experiment_results_20260911_182510.csv,2,5000,Ladder_of_Pairs,Randomized Grid,12.43517,199.85781215697094,13.7,1.41775,2.49666,10
Adversarial,Adversarial_Sorted_X_Axis,experiment_results_20260911_182510.csv,2,5000,Sorted_X_Axis,Deterministic Grid,58.5468,4.431875213373716,54.0,0.57303,0.0,10
Adversarial,Adversarial_Sorted_X_Axis,experiment_results_20260911_182510.csv,2,5000,Sorted_X_Axis,Randomized Grid,13.21039,4.431875213373716,15.0,2.64252,3.97213,10
Adversarial,Adversarial_Ladder_of_Pairs,experiment_results_20260911_182510.csv,2,10000,Ladder_of_Pairs,Deterministic Grid,10531.08796,392.41352460864243,4999.0,130.17681,0.0,10
Adversarial,Adversarial_Ladder_of_Pairs,experiment_results_20260911_182510.csv,2,10000,Ladder_of_Pairs,Randomized Grid,26.83671,392.41352460864243,19.7,5.32947,4.80856,10
Adversarial,Adversarial_Sorted_X_Axis,experiment_results_20260911_182510.csv,2,10000,Sorted_X_Axis,Deterministic Grid,43.43082,1.641104760436481,38.0,0.15355,0.0,10
Adversarial,Adversarial_Sorted_X_Axis,experiment_results_20260911_182510.csv,2,10000,Sorted_X_Axis,Randomized Grid,26.46438,1.641104760436481,16.9,4.50433,2.5144,10
Adversarial,Adversarial_Ladder_of_Pairs,experiment_results_20260911_182510.csv,2,15000,Ladder_of_Pairs,Deterministic Grid,23862.96164,583.8613361963293,7499.0,133.63168,0.0,10
Adversarial,Adversarial_Ladder_of_Pairs,experiment_results_20260911_182510.csv,2,15000,Ladder_of_Pairs,Randomized Grid,40.87094,583.8613361963293,16.9,5.8181,2.99815,10
Adversarial,Adversarial_Sorted_X_Axis,experiment_results_20260911_182510.csv,2,15000,Sorted_X_Axis,Deterministic Grid,38.91946,0.9556075816187855,25.0,0.33225,0.0,10
Adversarial,Adversarial_Sorted_X_Axis,experiment_results_20260911_182510.csv,2,15000,Sorted_X_Axis,Randomized Grid,40.72745,0.9556075816187855,16.7,8.43849,3.83116,10
Adversarial,Adversarial_Ladder_of_Pairs,experiment_results_20260911_182510.csv,2,20000,Ladder_of_Pairs,Deterministic Grid,45004.69322,781.3659355811872,9999.0,3636.42915,0.0,10
Adversarial,Adversarial_Ladder_of_Pairs,experiment_results_20260911_182510.csv,2,20000,Ladder_of_Pairs,Randomized Grid,57.59746,781.3659355811872,18.7,10.27643,4.19126,10
Adversarial,Adversarial_Sorted_X_Axis,experiment_results_20260911_182510.csv,2,20000,Sorted_X_Axis,Deterministic Grid,497.96977,7.577307993358345,104.0,20.33758,0.0,10
Adversarial,Adversarial_Sorted_X_Axis,experiment_results_20260911_182510.csv,2,20000,Sorted_X_Axis,Randomized Grid,65.71856,7.577307993358345,20.1,3.89381,4.04008,10
Adversarial,Adversarial_Ladder_of_Pairs,experiment_results_20260911_182510.csv,2,25000,Ladder_of_Pairs,Deterministic Grid,67947.13378,981.4714890366671,12499.0,2744.5869,0.0,10
Adversarial,Adversarial_Ladder_of_Pairs,experiment_results_20260911_182510.csv,2,25000,Ladder_of_Pairs,Randomized Grid,69.22986,981.4714890366671,17.1,11.54832,5.85852,10
Adversarial,Adversarial_Sorted_X_Axis,experiment_results_20260911_182510.csv,2,25000,Sorted_X_Axis,Deterministic Grid,263.06261,4.035223101630133,70.0,2.32602,0.0,10
Adversarial,Adversarial_Sorted_X_Axis,experiment_results_20260911_182510.csv,2,25000,Sorted_X_Axis,Randomized Grid,65.19159,4.035223101630133,19.2,10.11784,4.58984,10
Adversarial,Adversarial_Ladder_of_Pairs,experiment_results_20260911_182510.csv,3,5000,Ladder_of_Pairs,Deterministic Grid,2654.50515,108.03521383564353,2499.0,31.68518,0.0,10
Adversarial,Adversarial_Ladder_of_Pairs,experiment_results_20260911_182510.csv,3,5000,Ladder_of_Pairs,Randomized Grid,24.57074,108.03521383564353,14.9,1.86582,3.60401,10
Adversarial,Adversarial_Sorted_X_Axis,experiment_results_20260911_182510.csv,3,5000,Sorted_X_Axis,Deterministic Grid,26.53308,1.053708261138405,24.0,0.09662,0.0,10
Adversarial,Adversarial_Sorted_X_Axis,experiment_results_20260911_182510.csv,3,5000,Sorted_X_Axis,Randomized Grid,25.18067,1.053708261138405,15.4,1.92213,5.01553,10
Adversarial,Adversarial_Ladder_of_Pairs,experiment_results_20260911_182510.csv,3,10000,Ladder_of_Pairs,Deterministic Grid,10618.78859,211.00441192601048,4999.0,90.79544,0.0,10
Adversarial,Adversarial_Ladder_of_Pairs,experiment_results_20260911_182510.csv,3,10000,Ladder_of_Pairs,Randomized Grid,50.32496,211.00441192601048,17.0,3.01214,4.32049,10
Adversarial,Adversarial_Sorted_X_Axis,experiment_results_20260911_182510.csv,3,10000,Sorted_X_Axis,Deterministic Grid,66.59912,1.174032525361465,17.0,0.37456,0.0,10
Adversarial,Adversarial_Sorted_X_Axis,experiment_results_20260911_182510.csv,3,10000,Sorted_X_Axis,Randomized Grid,56.72681,1.174032525361465,20.8,4.2023,4.63801,10
Adversarial,Adversarial_Ladder_of_Pairs,experiment_results_20260911_182510.csv,3,15000,Ladder_of_Pairs,Deterministic Grid,24327.24858,303.5120752954774,7499.0,275.08804,0.0,10
Adversarial,Adversarial_Ladder_of_Pairs,experiment_results_20260911_182510.csv,3,15000,Ladder_of_Pairs,Randomized Grid,80.15249,303.5120752954774,17.9,9.90814,3.84274,10
Adversarial,Adversarial_Sorted_X_Axis,experiment_results_20260911_182510.csv,3,15000,Sorted_X_Axis,Deterministic Grid,131.64875,1.5835852879740804,34.0,0.27441,0.0,10
Adversarial,Adversarial_Sorted_X_Axis,experiment_results_20260911_182510.csv,3,15000,Sorted_X_Axis,Randomized Grid,83.13335,1.5835852879740804,18.9,6.16256,3.90014,10
Adversarial,Adversarial_Ladder_of_Pairs,experiment_results_20260911_182510.csv,3,20000,Ladder_of_Pairs,Deterministic Grid,44117.14663,404.2986973628526,9999.0,485.46742,0.0,10
Adversarial,Adversarial_Ladder_of_Pairs,experiment_results_20260911_182510.csv,3,20000,Ladder_of_Pairs,Randomized Grid,109.12018,404.2986973628526,18.5,6.70469,1.95789,10
Adversarial,Adversarial_Sorted_X_Axis,experiment_results_20260911_182510.csv,3,20000,Sorted_X_Axis,Deterministic Grid,123.10762,1.1642911773470765,29.0,1.72962,0.0,10
Adversarial,Adversarial_Sorted_X_Axis,experiment_results_20260911_182510.csv,3,20000,Sorted_X_Axis,Randomized Grid,105.73611,1.1642911773470765,17.4,6.37539,4.78888,10
Adversarial,Adversarial_Ladder_of_Pairs,experiment_results_20260911_182510.csv,3,25000,Ladder_of_Pairs,Deterministic Grid,68778.64778,512.9265381983411,12499.0,499.77715,0.0,10
Adversarial,Adversarial_Ladder_of_Pairs,experiment_results_20260911_182510.csv,3,25000,Ladder_of_Pairs,Randomized Grid,134.09064,512.9265381983411,17.2,6.49579,2.09762,10
Adversarial,Adversarial_Sorted_X_Axis,experiment_results_20260911_182510.csv,3,25000,Sorted_X_Axis,Deterministic Grid,202.52537,1.5382633625111037,20.0,0.36817,0.0,10
Adversarial,Adversarial_Sorted_X_Axis,experiment_results_20260911_182510.csv,3,25000,Sorted_X_Axis,Randomized Grid,131.65845,1.5382633625111037,18.7,9.99648,3.335,10
Adversarial,Adversarial_Ladder_of_Pairs,experiment_results_20260911_182510.csv,5,5000,Ladder_of_Pairs,Deterministic Grid,3134.6271,15.321854408350626,2499.0,36.89548,0.0,10
Adversarial,Adversarial_Ladder_of_Pairs,experiment_results_20260911_182510.csv,5,5000,Ladder_of_Pairs,Randomized Grid,204.58536,15.321854408350626,14.1,2.75587,3.14289,10
Adversarial,Adversarial_Sorted_X_Axis,experiment_results_20260911_182510.csv,5,5000,Sorted_X_Axis,Deterministic Grid,206.93443,1.0091616042638931,6.0,1.76313,0.0,10
Adversarial,Adversarial_Sorted_X_Axis,experiment_results_20260911_182510.csv,5,5000,Sorted_X_Axis,Randomized Grid,205.05579,1.0091616042638931,15.5,2.01421,2.41523,10
Adversarial,Adversarial_Ladder_of_Pairs,experiment_results_20260911_182510.csv,5,10000,Ladder_of_Pairs,Deterministic Grid,12413.56077,28.550380681761858,4999.0,140.48471,0.0,10
Adversarial,Adversarial_Ladder_of_Pairs,experiment_results_20260911_182510.csv,5,10000,Ladder_of_Pairs,Randomized Grid,434.79493,28.550380681761858,17.9,5.38987,4.5326,10
Adversarial,Adversarial_Sorted_X_Axis,experiment_results_20260911_182510.csv,5,10000,Sorted_X_Axis,Deterministic Grid,429.62527,1.0041009830589427,26.0,2.864,0.0,10
Adversarial,Adversarial_Sorted_X_Axis,experiment_results_20260911_182510.csv,5,10000,Sorted_X_Axis,Randomized Grid,427.87058,1.0041009830589427,17.3,7.05939,3.74314,10
Adversarial,Adversarial_Ladder_of_Pairs,experiment_results_20260911_182510.csv,5,15000,Ladder_of_Pairs,Deterministic Grid,27566.89338,43.940766686537614,7499.0,190.28188,0.0,10
Adversarial,Adversarial_Ladder_of_Pairs,experiment_results_20260911_182510.csv,5,15000,Ladder_of_Pairs,Randomized Grid,627.36487,43.940766686537614,14.2,6.6903,4.63801,10
Adversarial,Adversarial_Sorted_X_Axis,experiment_results_20260911_182510.csv,5,15000,Sorted_X_Axis,Deterministic Grid,644.39097,1.0312903048470603,27.0,5.65758,0.0,10
Adversarial,Adversarial_Sorted_X_Axis,experiment_results_20260911_182510.csv,5,15000,Sorted_X_Axis,Randomized Grid,624.83955,1.0312903048470603,16.9,5.45569,3.57305,10
Adversarial,Adversarial_Ladder_of_Pairs,experiment_results_20260911_182510.csv,5,20000,Ladder_of_Pairs,Deterministic Grid,49555.79692,55.654570579024416,9999.0,409.69987,0.0,10
Adversarial,Adversarial_Ladder_of_Pairs,experiment_results_20260911_182510.csv,5,20000,Ladder_of_Pairs,Randomized Grid,890.41738,55.654570579024416,18.4,11.32712,2.45855,10
Adversarial,Adversarial_Sorted_X_Axis,experiment_results_20260911_182510.csv,5,20000,Sorted_X_Axis,Deterministic Grid,871.33588,0.9890121674701289,22.0,7.14775,0.0,10
Adversarial,Adversarial_Sorted_X_Axis,experiment_results_20260911_182510.csv,5,20000,Sorted_X_Axis,Randomized Grid,881.01634,0.9890121674701289,16.7,15.29901,2.26323,10
Adversarial,Adversarial_Ladder_of_Pairs,experiment_results_20260911_182510.csv,5,25000,Ladder_of_Pairs,Deterministic Grid,76532.10287,70.46069437497617,12499.0,535.63893,0.0,10
Adversarial,Adversarial_Ladder_of_Pairs,experiment_results_20260911_182510.csv,5,25000,Ladder_of_Pairs,Randomized Grid,1086.16731,70.46069437497617,19.6,23.00128,3.20416,10
Adversarial,Adversarial_Sorted_X_Axis,experiment_results_20260911_182510.csv,5,25000,Sorted_X_Axis,Deterministic Grid,1089.83223,1.0109626276221404,32.0,8.52342,0.0,10
Adversarial,Adversarial_Sorted_X_Axis,experiment_results_20260911_182510.csv,5,25000,Sorted_X_Axis,Randomized Grid,1078.01436,1.0109626276221404,18.4,7.9009,3.97772,10
Adversarial,Adversarial_Ladder_of_Pairs,experiment_results_20260911_182510.csv,7,5000,Ladder_of_Pairs,Deterministic Grid,4934.56644,2.5947719831898897,2499.0,62.22962,0.0,10
Adversarial,Adversarial_Ladder_of_Pairs,experiment_results_20260911_182510.csv,7,5000,Ladder_of_Pairs,Randomized Grid,1901.73413,2.5947719831898897,15.2,14.94783,3.61478,10
Adversarial,Adversarial_Sorted_X_Axis,experiment_results_20260911_182510.csv,7,5000,Sorted_X_Axis,Deterministic Grid,1899.98827,0.9957717123282875,28.0,12.73669,0.0,10
Adversarial,Adversarial_Sorted_X_Axis,experiment_results_20260911_182510.csv,7,5000,Sorted_X_Axis,Randomized Grid,1908.05608,0.9957717123282875,13.2,6.88618,2.29976,10
Adversarial,Adversarial_Ladder_of_Pairs,experiment_results_20260911_182510.csv,7,10000,Ladder_of_Pairs,Deterministic Grid,16136.4415,4.156727111680283,4999.0,72.70087,0.0,10
Adversarial,Adversarial_Ladder_of_Pairs,experiment_results_20260911_182510.csv,7,10000,Ladder_of_Pairs,Randomized Grid,3882.00646,4.156727111680283,16.9,23.29914,3.31495,10
Adversarial,Adversarial_Sorted_X_Axis,experiment_results_20260911_182510.csv,7,10000,Sorted_X_Axis,Deterministic Grid,3888.61566,1.002583758237917,23.0,20.02191,0.0,10
Adversarial,Adversarial_Sorted_X_Axis,experiment_results_20260911_182510.csv,7,10000,Sorted_X_Axis,Randomized Grid,3878.59431,1.002583758237917,17.4,12.96991,4.67143,10
Adversarial,Adversarial_Ladder_of_Pairs,experiment_results_20260911_182510.csv,7,15000,Ladder_of_Pairs,Deterministic Grid,35252.11019,5.7680734252704395,7499.0,2823.48149,0.0,10
Adversarial,Adversarial_Ladder_of_Pairs,experiment_results_20260911_182510.csv,7,15000,Ladder_of_Pairs,Randomized Grid,6111.59179,5.7680734252704395,16.9,204.66123,4.35762,10
Adversarial,Adversarial_Sorted_X_Axis,experiment_results_20260911_182510.csv,7,15000,Sorted_X_Axis,Deterministic Grid,6342.67028,0.9879246974838116,22.0,185.90624,0.0,10
Adversarial,Adversarial_Sorted_X_Axis,experiment_results_20260911_182510.csv,7,15000,Sorted_X_Axis,Randomized Grid,6420.19609,0.9879246974838116,17.8,93.25202,4.1042,10
Adversarial,Adversarial_Ladder_of_Pairs,experiment_results_20260911_182510.csv,7,20000,Ladder_of_Pairs,Deterministic Grid,67361.97282,7.494266858507901,9999.0,1277.42112,0.0,10
Adversarial,Adversarial_Ladder_of_Pairs,experiment_results_20260911_182510.csv,7,20000,Ladder_of_Pairs,Randomized Grid,8988.46733,7.494266858507901,18.3,216.39576,4.1379,10
Adversarial,Adversarial_Sorted_X_Axis,experiment_results_20260911_182510.csv,7,20000,Sorted_X_Axis,Deterministic Grid,9049.84481,1.0237762664557253,69.0,439.26856,0.0,10
Adversarial,Adversarial_Sorted_X_Axis,experiment_results_20260911_182510.csv,7,20000,Sorted_X_Axis,Randomized Grid,8839.67045,1.0237762664557253,18.8,241.45482,3.85285,10
Adversarial,Adversarial_Ladder_of_Pairs,experiment_results_20260911_182510.csv,7,25000,Ladder_of_Pairs,Deterministic Grid,106272.78887,9.56013127886481,12499.0,4574.031,0.0,10
Adversarial,Adversarial_Ladder_of_Pairs,experiment_results_20260911_182510.csv,7,25000,Ladder_of_Pairs,Randomized Grid,11116.24786,9.56013127886481,17.6,151.0681,4.0332,10
Adversarial,Adversarial_Sorted_X_Axis,experiment_results_20260911_182510.csv,7,25000,Sorted_X_Axis,Deterministic Grid,11042.24419,0.9752586003459746,37.0,208.8604,0.0,10
Adversarial,Adversarial_Sorted_X_Axis,experiment_results_20260911_182510.csv,7,25000,Sorted_X_Axis,Randomized Grid,11322.37561,0.9752586003459746,17.0,256.57356,3.29983,10
Synthetic_Sorted,Synth_Sorted_194655,experiment_results_20260912_194655.csv,2,50000,Sorted_X_Axis,Deterministic Grid,24.70129,0.7838145978638201,10.0,16.18053,0.0,5
Synthetic_Sorted,Synth_Sorted_194655,experiment_results_20260912_194655.csv,2,50000,Sorted_X_Axis,Randomized Grid,31.5142,0.7838145978638201,20.0,0.55042,0.0,5
Synthetic_Sorted,Synth_Sorted_194655,experiment_results_20260912_194655.csv,2,100000,Sorted_X_Axis,Deterministic Grid,49.70962,0.6259154918227439,11.0,10.16641,0.0,5
Synthetic_Sorted,Synth_Sorted_194655,experiment_results_20260912_194655.csv,2,100000,Sorted_X_Axis,Randomized Grid,79.41906,0.6259154918227439,22.0,6.59568,0.0,5
Synthetic_Sorted,Synth_Sorted_194655,experiment_results_20260912_194655.csv,2,200000,Sorted_X_Axis,Deterministic Grid,374.45198,1.7956137672233192,15.0,23.17836,0.0,5
Synthetic_Sorted,Synth_Sorted_194655,experiment_results_20260912_194655.csv,2,200000,Sorted_X_Axis,Randomized Grid,208.53704,1.7956137672233192,18.0,20.87331,0.0,5
Synthetic_Sorted,Synth_Sorted_194655,experiment_results_20260912_194655.csv,2,350000,Sorted_X_Axis,Deterministic Grid,526.57723,1.0637697975341978,18.0,66.91902,0.0,5
Synthetic_Sorted,Synth_Sorted_194655,experiment_results_20260912_194655.csv,2,350000,Sorted_X_Axis,Randomized Grid,495.01051,1.0637697975341978,24.0,40.30896,0.0,5
Synthetic_Sorted,Synth_Sorted_194655,experiment_results_20260912_194655.csv,2,500000,Sorted_X_Axis,Deterministic Grid,802.93986,0.9790572981513367,16.0,73.82565,0.0,5
Synthetic_Sorted,Synth_Sorted_194655,experiment_results_20260912_194655.csv,2,500000,Sorted_X_Axis,Randomized Grid,820.11529,0.9790572981513367,23.0,26.60021,0.0,5
Synthetic_Sorted,Synth_Sorted_194655,experiment_results_20260912_194655.csv,3,50000,Sorted_X_Axis,Deterministic Grid,43.95767,1.1488395869917076,17.0,6.74233,0.0,5
Synthetic_Sorted,Synth_Sorted_194655,experiment_results_20260912_194655.csv,3,50000,Sorted_X_Axis,Randomized Grid,38.26267,1.1488395869917076,23.0,2.74575,0.0,5
Synthetic_Sorted,Synth_Sorted_194655,experiment_results_20260912_194655.csv,3,100000,Sorted_X_Axis,Deterministic Grid,135.35122,1.1695093220328732,13.0,12.42504,0.0,5
Synthetic_Sorted,Synth_Sorted_194655,experiment_results_20260912_194655.csv,3,100000,Sorted_X_Axis,Randomized Grid,115.73334,1.1695093220328732,19.0,7.10163,0.0,5
Synthetic_Sorted,Synth_Sorted_194655,experiment_results_20260912_194655.csv,3,200000,Sorted_X_Axis,Deterministic Grid,314.52706,0.5678271881333063,11.0,22.58805,0.0,5
Synthetic_Sorted,Synth_Sorted_194655,experiment_results_20260912_194655.csv,3,200000,Sorted_X_Axis,Randomized Grid,553.91335,0.5678271881333063,22.0,21.89282,0.0,5
Synthetic_Sorted,Synth_Sorted_194655,experiment_results_20260912_194655.csv,3,350000,Sorted_X_Axis,Deterministic Grid,850.31187,0.84923294502034,19.0,39.57233,0.0,5
Synthetic_Sorted,Synth_Sorted_194655,experiment_results_20260912_194655.csv,3,350000,Sorted_X_Axis,Randomized Grid,1001.27047,0.84923294502034,19.0,47.78577,0.0,5
Synthetic_Sorted,Synth_Sorted_194655,experiment_results_20260912_194655.csv,3,500000,Sorted_X_Axis,Deterministic Grid,1257.05863,0.7237377506981599,20.0,12.67909,0.0,5
Synthetic_Sorted,Synth_Sorted_194655,experiment_results_20260912_194655.csv,3,500000,Sorted_X_Axis,Randomized Grid,1736.89797,0.7237377506981599,21.0,56.38793,0.0,5
Synthetic_Sorted,Synth_Sorted_194655,experiment_results_20260912_194655.csv,5,50000,Sorted_X_Axis,Deterministic Grid,344.20941,1.0074826223511315,22.0,16.51136,0.0,5
Synthetic_Sorted,Synth_Sorted_194655,experiment_results_20260912_194655.csv,5,50000,Sorted_X_Axis,Randomized Grid,341.65295,1.0074826223511315,14.0,8.5535,0.0,5
Synthetic_Sorted,Synth_Sorted_194655,experiment_results_20260912_194655.csv,5,100000,Sorted_X_Axis,Deterministic Grid,1111.48543,1.0371319375553476,17.0,76.00985,0.0,5
Synthetic_Sorted,Synth_Sorted_194655,experiment_results_20260912_194655.csv,5,100000,Sorted_X_Axis,Randomized Grid,1071.69145,1.0371319375553476,22.0,106.94763,0.0,5
Synthetic_Sorted,Synth_Sorted_194655,experiment_results_20260912_194655.csv,5,200000,Sorted_X_Axis,Deterministic Grid,3604.55302,1.0775799194696567,17.0,128.03851,0.0,5
Synthetic_Sorted,Synth_Sorted_194655,experiment_results_20260912_194655.csv,5,200000,Sorted_X_Axis,Randomized Grid,3345.04472,1.0775799194696567,24.0,138.79426,0.0,5
Synthetic_Sorted,Synth_Sorted_194655,experiment_results_20260912_194655.csv,5,350000,Sorted_X_Axis,Deterministic Grid,8417.39984,1.0560526376370472,19.0,205.33389,0.0,5
Synthetic_Sorted,Synth_Sorted_194655,experiment_results_20260912_194655.csv,5,350000,Sorted_X_Axis,Randomized Grid,7970.62527,1.0560526376370472,21.0,364.98871,0.0,5
Synthetic_Sorted,Synth_Sorted_194655,experiment_results_20260912_194655.csv,5,500000,Sorted_X_Axis,Deterministic Grid,12464.701,1.0102350605027717,23.0,331.08798,0.0,5
Synthetic_Sorted,Synth_Sorted_194655,experiment_results_20260912_194655.csv,5,500000,Sorted_X_Axis,Randomized Grid,12338.41656,1.0102350605027717,23.0,292.94579,0.0,5
Synthetic_Sorted,Synth_Sorted_194655,experiment_results_20260912_194655.csv,7,50000,Sorted_X_Axis,Deterministic Grid,4019.71313,0.8926456310992769,15.0,264.74971,0.0,5
Synthetic_Sorted,Synth_Sorted_194655,experiment_results_20260912_194655.csv,7,50000,Sorted_X_Axis,Randomized Grid,4503.14547,0.8926456310992769,20.0,204.24912,0.0,5
Synthetic_Sorted,Synth_Sorted_194655,experiment_results_20260912_194655.csv,7,100000,Sorted_X_Axis,Deterministic Grid,11590.53912,0.8626212447633232,16.0,1279.41366,0.0,5
Synthetic_Sorted,Synth_Sorted_194655,experiment_results_20260912_194655.csv,7,100000,Sorted_X_Axis,Randomized Grid,13436.41742,0.8626212447633232,22.0,1007.65015,0.0,5
Synthetic_Sorted,Synth_Sorted_194655,experiment_results_20260912_194655.csv,7,200000,Sorted_X_Axis,Deterministic Grid,41006.08994,0.9379106436992153,15.0,2364.8883,0.0,5
Synthetic_Sorted,Synth_Sorted_194655,experiment_results_20260912_194655.csv,7,200000,Sorted_X_Axis,Randomized Grid,43720.67874,0.9379106436992153,30.0,1872.16308,0.0,5
Synthetic_Sorted,Synth_Sorted_194655,experiment_results_20260912_194655.csv,7,350000,Sorted_X_Axis,Deterministic Grid,86873.02749,1.2746362400743991,21.0,14984.37937,0.0,5
Synthetic_Sorted,Synth_Sorted_194655,experiment_results_20260912_194655.csv,7,350000,Sorted_X_Axis,Randomized Grid,68155.15263,1.2746362400743991,28.0,2533.29927,0.0,5
Synthetic_Sorted,Synth_Sorted_194655,experiment_results_20260912_194655.csv,7,500000,Sorted_X_Axis,Deterministic Grid,126807.5255,1.164017460821466,17.0,21999.2315,0.0,5
Synthetic_Sorted,Synth_Sorted_194655,experiment_results_20260912_194655.csv,7,500000,Sorted_X_Axis,Randomized Grid,108939.53894,1.164017460821466,28.0,697.35177,0.0,5
Synthetic_Sorted,Synth_Sorted_095849,experiment_results_20260911_095849.csv,2,50000,Sorted_X_Axis,Deterministic Grid,97.51502,0.7337518008950995,10.0,1.56418,0.0,10
Synthetic_Sorted,Synth_Sorted_095849,experiment_results_20260911_095849.csv,2,50000,Sorted_X_Axis,Randomized Grid,132.89919,0.7337518008950995,21.2,18.41567,3.99444,10
Synthetic_Sorted,Synth_Sorted_095849,experiment_results_20260911_095849.csv,2,100000,Sorted_X_Axis,Deterministic Grid,226.29778,0.5953152152644633,11.0,8.22616,0.0,10
Synthetic_Sorted,Synth_Sorted_095849,experiment_results_20260911_095849.csv,2,100000,Sorted_X_Axis,Randomized Grid,380.13102,0.5953152152644633,21.4,75.93787,5.08156,10
Synthetic_Sorted,Synth_Sorted_095849,experiment_results_20260911_095849.csv,2,200000,Sorted_X_Axis,Deterministic Grid,824.08347,1.1320757026418033,15.0,31.52432,0.0,10
Synthetic_Sorted,Synth_Sorted_095849,experiment_results_20260911_095849.csv,2,200000,Sorted_X_Axis,Randomized Grid,727.94025,1.1320757026418033,22.0,81.02695,6.51494,10
Synthetic_Sorted,Synth_Sorted_095849,experiment_results_20260911_095849.csv,2,350000,Sorted_X_Axis,Deterministic Grid,1447.41406,0.9392228283671247,18.0,50.19089,0.0,10
Synthetic_Sorted,Synth_Sorted_095849,experiment_results_20260911_095849.csv,2,350000,Sorted_X_Axis,Randomized Grid,1541.07632,0.9392228283671247,24.7,193.38494,4.94526,10
Synthetic_Sorted,Synth_Sorted_095849,experiment_results_20260911_095849.csv,2,500000,Sorted_X_Axis,Deterministic Grid,2062.12971,0.8220594663693067,16.0,55.67852,0.0,10
Synthetic_Sorted,Synth_Sorted_095849,experiment_results_20260911_095849.csv,2,500000,Sorted_X_Axis,Randomized Grid,2508.49214,0.8220594663693067,23.5,426.48394,5.87367,10
Synthetic_Sorted,Synth_Sorted_095849,experiment_results_20260911_095849.csv,3,50000,Sorted_X_Axis,Deterministic Grid,264.49785,0.9032604929499689,17.0,7.35796,0.0,10
Synthetic_Sorted,Synth_Sorted_095849,experiment_results_20260911_095849.csv,3,50000,Sorted_X_Axis,Randomized Grid,292.82566,0.9032604929499689,19.4,45.30934,4.22164,10
Synthetic_Sorted,Synth_Sorted_095849,experiment_results_20260911_095849.csv,3,100000,Sorted_X_Axis,Deterministic Grid,582.03294,0.8916074568908066,13.0,31.22341,0.0,10
Synthetic_Sorted,Synth_Sorted_095849,experiment_results_20260911_095849.csv,3,100000,Sorted_X_Axis,Randomized Grid,652.79057,0.8916074568908066,15.6,69.05907,3.50238,10
Synthetic_Sorted,Synth_Sorted_095849,experiment_results_20260911_095849.csv,3,200000,Sorted_X_Axis,Deterministic Grid,1834.82869,0.9086049115636401,11.0,106.88453,0.0,10
Synthetic_Sorted,Synth_Sorted_095849,experiment_results_20260911_095849.csv,3,200000,Sorted_X_Axis,Randomized Grid,2019.39112,0.9086049115636401,21.3,280.32578,4.49815,10
Synthetic_Sorted,Synth_Sorted_095849,experiment_results_20260911_095849.csv,3,350000,Sorted_X_Axis,Deterministic Grid,3442.43233,0.9775782865476325,19.0,47.27519,0.0,10
Synthetic_Sorted,Synth_Sorted_095849,experiment_results_20260911_095849.csv,3,350000,Sorted_X_Axis,Randomized Grid,3521.38788,0.9775782865476325,20.6,355.07775,4.67143,10
Synthetic_Sorted,Synth_Sorted_095849,experiment_results_20260911_095849.csv,3,500000,Sorted_X_Axis,Deterministic Grid,4189.5034,0.8148269720364816,20.0,117.76082,0.0,10
Synthetic_Sorted,Synth_Sorted_095849,experiment_results_20260911_095849.csv,3,500000,Sorted_X_Axis,Randomized Grid,5141.58655,0.8148269720364816,25.4,636.99221,6.44981,10
Synthetic_Sorted,Synth_Sorted_095849,experiment_results_20260911_095849.csv,5,50000,Sorted_X_Axis,Deterministic Grid,2706.85876,1.0097602467587392,22.0,124.23715,0.0,10
Synthetic_Sorted,Synth_Sorted_095849,experiment_results_20260911_095849.csv,5,50000,Sorted_X_Axis,Randomized Grid,2680.69452,1.0097602467587392,18.7,136.11096,3.97352,10
Synthetic_Sorted,Synth_Sorted_095849,experiment_results_20260911_095849.csv,5,100000,Sorted_X_Axis,Deterministic Grid,6520.19364,1.0179958252512864,17.0,1341.19035,0.0,10
Synthetic_Sorted,Synth_Sorted_095849,experiment_results_20260911_095849.csv,5,100000,Sorted_X_Axis,Randomized Grid,6404.93161,1.0179958252512864,18.9,556.37329,3.78447,10
Synthetic_Sorted,Synth_Sorted_095849,experiment_results_20260911_095849.csv,5,200000,Sorted_X_Axis,Deterministic Grid,14138.15481,1.0256371461968907,17.0,357.19516,0.0,10
Synthetic_Sorted,Synth_Sorted_095849,experiment_results_20260911_095849.csv,5,200000,Sorted_X_Axis,Randomized Grid,13784.75308,1.0256371461968907,20.4,239.06454,2.27058,10
Synthetic_Sorted,Synth_Sorted_095849,experiment_results_20260911_095849.csv,5,350000,Sorted_X_Axis,Deterministic Grid,27396.02009,0.9721611473007931,19.0,377.72674,0.0,10
Synthetic_Sorted,Synth_Sorted_095849,experiment_results_20260911_095849.csv,5,350000,Sorted_X_Axis,Randomized Grid,28180.53382,0.9721611473007931,23.0,389.60688,4.94413,10
Synthetic_Sorted,Synth_Sorted_095849,experiment_results_20260911_095849.csv,5,500000,Sorted_X_Axis,Deterministic Grid,55945.2657,1.4052593666731408,23.0,4459.9916,0.0,10
Synthetic_Sorted,Synth_Sorted_095849,experiment_results_20260911_095849.csv,5,500000,Sorted_X_Axis,Randomized Grid,39811.34517,1.4052593666731408,25.6,1132.85437,3.62706,10
Synthetic_Sorted,Synth_Sorted_095849,experiment_results_20260911_095849.csv,7,50000,Sorted_X_Axis,Deterministic Grid,22444.33642,1.0514705492826237,15.0,1770.4823,0.0,10
Synthetic_Sorted,Synth_Sorted_095849,experiment_results_20260911_095849.csv,7,50000,Sorted_X_Axis,Randomized Grid,21345.6634,1.0514705492826237,19.3,2791.60844,3.59166,10
Synthetic_Sorted,Synth_Sorted_095849,experiment_results_20260911_095849.csv,7,100000,Sorted_X_Axis,Deterministic Grid,45675.62682,0.9894817428510826,16.0,1493.54009,0.0,10
Synthetic_Sorted,Synth_Sorted_095849,experiment_results_20260911_095849.csv,7,100000,Sorted_X_Axis,Randomized Grid,46161.16179,0.9894817428510826,22.6,1713.53925,4.52647,10
Synthetic_Sorted,Synth_Sorted_095849,experiment_results_20260911_095849.csv,7,200000,Sorted_X_Axis,Deterministic Grid,106525.52568,0.8778450772406226,15.0,385.93781,0.0,10
Synthetic_Sorted,Synth_Sorted_095849,experiment_results_20260911_095849.csv,7,200000,Sorted_X_Axis,Randomized Grid,121348.88996,0.8778450772406226,22.5,9514.94943,4.45346,10
Synthetic_Sorted,Synth_Sorted_095849,experiment_results_20260911_095849.csv,7,350000,Sorted_X_Axis,Deterministic Grid,242418.98243,1.0121780561185607,21.0,7465.46138,0.0,10
Synthetic_Sorted,Synth_Sorted_095849,experiment_results_20260911_095849.csv,7,350000,Sorted_X_Axis,Randomized Grid,239502.30986,1.0121780561185607,23.6,1184.43699,4.32563,10
OpenSky_Real_World,OpenSky_100M_3iter,opensky_100M_results.csv,4,133484198,Original,Deterministic Grid,1984056.455,1.0140300978895438,20.0,27594.109,0.0,3
OpenSky_Real_World,OpenSky_100M_3iter,opensky_100M_results.csv,4,133484198,Original,Randomized Grid,1956605.094,1.0140300978895438,32.67,21702.094,8.62,3
OpenSky_Real_World,OpenSky_100M_10iter,opensky_100M_results.csv,4,133484198,Original,Deterministic Grid,1956517.069,0.9993177990419194,20.0,2578.773,0.0,10
OpenSky_Real_World,OpenSky_100M_10iter,opensky_100M_results.csv,4,133484198,Original,Randomized Grid,1957852.718,0.9993177990419194,34.0,24592.814,5.35,10
OpenSky_Real_World,OpenSky_Cache_Slice,opensky_cache_results.csv,4,1000,Original,Deterministic Grid,1.357,0.997060984570169,8.0,0.047,0.0,3
OpenSky_Real_World,OpenSky_Cache_Slice,opensky_cache_results.csv,4,1000,Original,Randomized Grid,1.361,0.997060984570169,10.33,0.023,3.79,3
OpenSky_Real_World,OpenSky_Cache_Slice,opensky_cache_results.csv,4,5000,Original,Deterministic Grid,7.116,0.9519732441471572,10.0,0.046,0.0,3
OpenSky_Real_World,OpenSky_Cache_Slice,opensky_cache_results.csv,4,5000,Original,Randomized Grid,7.475,0.9519732441471572,16.67,0.354,5.03,3
OpenSky_Real_World,OpenSky_Cache_Slice,opensky_cache_results.csv,4,10000,Original,Deterministic Grid,14.907,1.0237621042510816,11.0,0.086,0.0,3
OpenSky_Real_World,OpenSky_Cache_Slice,opensky_cache_results.csv,4,10000,Original,Randomized Grid,14.561,1.0237621042510816,14.67,0.283,1.15,3
OpenSky_Real_World,OpenSky_Cache_Slice,opensky_cache_results.csv,4,50000,Original,Deterministic Grid,81.791,0.978899873135936,11.0,0.661,0.0,3
OpenSky_Real_World,OpenSky_Cache_Slice,opensky_cache_results.csv,4,50000,Original,Randomized Grid,83.554,0.978899873135936,22.33,1.086,3.21,3
OpenSky_Real_World,OpenSky_Cache_Slice,opensky_cache_results.csv,4,100000,Original,Deterministic Grid,197.272,0.9664416378440344,11.0,1.947,0.0,3
OpenSky_Real_World,OpenSky_Cache_Slice,opensky_cache_results.csv,4,100000,Original,Randomized Grid,204.122,0.9664416378440344,14.33,2.914,2.08,3
OpenSky_Real_World,OpenSky_Cache_Slice,opensky_cache_results.csv,4,500000,Original,Deterministic Grid,2164.311,0.990560817598693,11.0,30.415,0.0,3
OpenSky_Real_World,OpenSky_Cache_Slice,opensky_cache_results.csv,4,500000,Original,Randomized Grid,2184.935,0.990560817598693,22.67,19.228,5.51,3
OpenSky_Real_World,OpenSky_Cache_Slice,opensky_cache_results.csv,4,1000000,Original,Deterministic Grid,6649.196,1.031172628469792,12.0,143.424,0.0,3
OpenSky_Real_World,OpenSky_Cache_Slice,opensky_cache_results.csv,4,1000000,Original,Randomized Grid,6448.189,1.031172628469792,21.0,17.613,3.0,3
OpenSky_Real_World,OpenSky_Cache_Slice,opensky_cache_results.csv,4,1500000,Original,Deterministic Grid,11475.163,1.0059617839889277,12.0,201.74,0.0,3
OpenSky_Real_World,OpenSky_Cache_Slice,opensky_cache_results.csv,4,1500000,Original,Randomized Grid,11407.156,1.0059617839889277,23.0,74.275,4.36,3
OpenSky_Real_World,OpenSky_Cache_Slice,opensky_cache_results.csv,4,2000000,Original,Deterministic Grid,16920.896,1.005202419344203,12.0,20.335,0.0,3
OpenSky_Real_World,OpenSky_Cache_Slice,opensky_cache_results.csv,4,2000000,Original,Randomized Grid,16833.322,1.005202419344203,23.67,78.237,2.31,3
OpenSky_Real_World,OpenSky_Cache_Slice,opensky_cache_results.csv,4,3000000,Original,Deterministic Grid,29827.257,1.0600364923489638,14.0,469.125,0.0,3
OpenSky_Real_World,OpenSky_Cache_Slice,opensky_cache_results.csv,4,3000000,Original,Randomized Grid,28137.953,1.0600364923489638,30.67,302.549,1.15,3
OpenSky_Real_World,OpenSky_Cache_Slice,opensky_cache_results.csv,4,5000000,Original,Deterministic Grid,54787.61,1.0144570415546137,14.0,469.197,0.0,3
OpenSky_Real_World,OpenSky_Cache_Slice,opensky_cache_results.csv,4,5000000,Original,Randomized Grid,54006.831,1.0144570415546137,27.33,816.198,5.51,3
OpenSky_Real_World,OpenSky_MultiDate_Hourly_v3,opensky_all_dates_results_20260912_081335.csv,4,2004714,Original,Deterministic Grid,25569.169,1.0263732302564754,34.0,386.654,0.0,10
OpenSky_Real_World,OpenSky_MultiDate_Hourly_v3,opensky_all_dates_results_20260912_081335.csv,4,2004714,Original,Randomized Grid,24912.155,1.0263732302564754,24.4,380.961,5.15,10
OpenSky_Real_World,OpenSky_MultiDate_Hourly_v3,opensky_all_dates_results_20260912_081335.csv,4,2004714,Sorted_Time,Deterministic Grid,25755.668,1.0129700459291637,28.0,417.835,0.0,10
OpenSky_Real_World,OpenSky_MultiDate_Hourly_v3,opensky_all_dates_results_20260912_081335.csv,4,2004714,Sorted_Time,Randomized Grid,25425.893,1.0129700459291637,23.7,775.056,3.8,10
OpenSky_Real_World,OpenSky_MultiDate_Hourly_v3,opensky_all_dates_results_20260912_081335.csv,4,1821348,Original,Deterministic Grid,25290.05,1.0584932067178734,23.0,444.354,0.0,10
OpenSky_Real_World,OpenSky_MultiDate_Hourly_v3,opensky_all_dates_results_20260912_081335.csv,4,1821348,Original,Randomized Grid,23892.501,1.0584932067178734,27.6,698.983,7.49,10
OpenSky_Real_World,OpenSky_MultiDate_Hourly_v3,opensky_all_dates_results_20260912_081335.csv,4,1821348,Sorted_Time,Deterministic Grid,25032.126,1.0177493751923619,21.0,436.008,0.0,10
OpenSky_Real_World,OpenSky_MultiDate_Hourly_v3,opensky_all_dates_results_20260912_081335.csv,4,1821348,Sorted_Time,Randomized Grid,24595.57,1.0177493751923619,29.0,1082.806,5.72,10
OpenSky_Real_World,OpenSky_MultiDate_Hourly_v3,opensky_all_dates_results_20260912_081335.csv,4,1677278,Original,Deterministic Grid,21947.936,1.021173119544556,20.0,113.366,0.0,10
OpenSky_Real_World,OpenSky_MultiDate_Hourly_v3,opensky_all_dates_results_20260912_081335.csv,4,1677278,Original,Randomized Grid,21492.865,1.021173119544556,24.2,607.121,4.64,10
OpenSky_Real_World,OpenSky_MultiDate_Hourly_v3,opensky_all_dates_results_20260912_081335.csv,4,1677278,Sorted_Time,Deterministic Grid,21677.388,1.0040869130820544,24.0,244.669,0.0,10
OpenSky_Real_World,OpenSky_MultiDate_Hourly_v3,opensky_all_dates_results_20260912_081335.csv,4,1677278,Sorted_Time,Randomized Grid,21589.155,1.0040869130820544,25.1,415.872,3.84,10
OpenSky_Real_World,OpenSky_MultiDate_Hourly_v3,opensky_all_dates_results_20260912_081335.csv,4,1517217,Original,Deterministic Grid,19450.719,0.9797390897618381,29.0,123.411,0.0,10
OpenSky_Real_World,OpenSky_MultiDate_Hourly_v3,opensky_all_dates_results_20260912_081335.csv,4,1517217,Original,Randomized Grid,19852.958,0.9797390897618381,24.2,456.437,3.65,10
OpenSky_Real_World,OpenSky_MultiDate_Hourly_v3,opensky_all_dates_results_20260912_081335.csv,4,1517217,Sorted_Time,Deterministic Grid,19833.005,0.9912208531264256,27.0,282.724,0.0,10
OpenSky_Real_World,OpenSky_MultiDate_Hourly_v3,opensky_all_dates_results_20260912_081335.csv,4,1517217,Sorted_Time,Randomized Grid,20008.664,0.9912208531264256,26.7,211.609,4.85,10
OpenSky_Real_World,OpenSky_MultiDate_Hourly_v3,opensky_all_dates_results_20260912_081335.csv,4,1419202,Original,Deterministic Grid,18493.385,0.9940553042951024,29.0,140.117,0.0,10
OpenSky_Real_World,OpenSky_MultiDate_Hourly_v3,opensky_all_dates_results_20260912_081335.csv,4,1419202,Original,Randomized Grid,18603.98,0.9940553042951024,24.4,670.273,4.4,10
OpenSky_Real_World,OpenSky_MultiDate_Hourly_v3,opensky_all_dates_results_20260912_081335.csv,4,1419202,Sorted_Time,Deterministic Grid,18738.799,1.0030399840359754,25.0,333.019,0.0,10
OpenSky_Real_World,OpenSky_MultiDate_Hourly_v3,opensky_all_dates_results_20260912_081335.csv,4,1419202,Sorted_Time,Randomized Grid,18682.006,1.0030399840359754,22.0,526.904,4.69,10
OpenSky_Real_World,OpenSky_MultiDate_Hourly_v3,opensky_all_dates_results_20260912_081335.csv,4,1516261,Original,Deterministic Grid,19888.073,1.021530756782114,21.0,382.378,0.0,10
OpenSky_Real_World,OpenSky_MultiDate_Hourly_v3,opensky_all_dates_results_20260912_081335.csv,4,1516261,Original,Randomized Grid,19468.893,1.021530756782114,24.7,353.666,3.2,10
OpenSky_Real_World,OpenSky_MultiDate_Hourly_v3,opensky_all_dates_results_20260912_081335.csv,4,1516261,Sorted_Time,Deterministic Grid,19720.084,1.0181123585458423,22.0,326.816,0.0,10
OpenSky_Real_World,OpenSky_MultiDate_Hourly_v3,opensky_all_dates_results_20260912_081335.csv,4,1516261,Sorted_Time,Randomized Grid,19369.261,1.0181123585458423,22.5,299.503,4.93,10
OpenSky_Real_World,OpenSky_MultiDate_Hourly_v3,opensky_all_dates_results_20260912_081335.csv,4,1534283,Original,Deterministic Grid,20125.866,1.0069788008186575,20.0,23.248,0.0,10
OpenSky_Real_World,OpenSky_MultiDate_Hourly_v3,opensky_all_dates_results_20260912_081335.csv,4,1534283,Original,Randomized Grid,19986.385,1.0069788008186575,23.7,443.165,2.71,10
OpenSky_Real_World,OpenSky_MultiDate_Hourly_v3,opensky_all_dates_results_20260912_081335.csv,4,1534283,Sorted_Time,Deterministic Grid,19757.877,0.9819787048754419,26.0,367.519,0.0,10
OpenSky_Real_World,OpenSky_MultiDate_Hourly_v3,opensky_all_dates_results_20260912_081335.csv,4,1534283,Sorted_Time,Randomized Grid,20120.474,0.9819787048754419,26.5,410.772,3.27,10
OpenSky_Real_World,OpenSky_MultiDate_Hourly_v3,opensky_all_dates_results_20260912_081335.csv,4,1531918,Original,Deterministic Grid,22746.973,1.1153042160481226,32.0,256.275,0.0,10
OpenSky_Real_World,OpenSky_MultiDate_Hourly_v3,opensky_all_dates_results_20260912_081335.csv,4,1531918,Original,Randomized Grid,20395.308,1.1153042160481226,24.4,617.131,5.64,10
OpenSky_Real_World,OpenSky_MultiDate_Hourly_v3,opensky_all_dates_results_20260912_081335.csv,4,1531918,Sorted_Time,Deterministic Grid,22789.82,1.1488821928205537,27.0,124.081,0.0,10
OpenSky_Real_World,OpenSky_MultiDate_Hourly_v3,opensky_all_dates_results_20260912_081335.csv,4,1531918,Sorted_Time,Randomized Grid,19836.516,1.1488821928205537,23.2,477.986,4.1,10
OpenSky_Real_World,OpenSky_MultiDate_Hourly_v3,opensky_all_dates_results_20260912_081335.csv,4,1593661,Original,Deterministic Grid,20806.444,0.9798157367877215,33.0,334.773,0.0,10
OpenSky_Real_World,OpenSky_MultiDate_Hourly_v3,opensky_all_dates_results_20260912_081335.csv,4,1593661,Original,Randomized Grid,21235.058,0.9798157367877215,28.3,513.205,4.95,10
OpenSky_Real_World,OpenSky_MultiDate_Hourly_v3,opensky_all_dates_results_20260912_081335.csv,4,1593661,Sorted_Time,Deterministic Grid,20912.217,0.9894397610985771,31.0,328.182,0.0,10
OpenSky_Real_World,OpenSky_MultiDate_Hourly_v3,opensky_all_dates_results_20260912_081335.csv,4,1593661,Sorted_Time,Randomized Grid,21135.412,0.9894397610985771,22.7,487.176,5.33,10
OpenSky_Real_World,OpenSky_MultiDate_Hourly_v3,opensky_all_dates_results_20260912_081335.csv,4,1631846,Original,Deterministic Grid,21255.052,1.0328755890668722,16.0,148.519,0.0,10
OpenSky_Real_World,OpenSky_MultiDate_Hourly_v3,opensky_all_dates_results_20260912_081335.csv,4,1631846,Original,Randomized Grid,20578.521,1.0328755890668722,25.4,483.611,4.09,10
OpenSky_Real_World,OpenSky_MultiDate_Hourly_v3,opensky_all_dates_results_20260912_081335.csv,4,1631846,Sorted_Time,Deterministic Grid,21173.381,1.0265655728111487,18.0,262.489,0.0,10
OpenSky_Real_World,OpenSky_MultiDate_Hourly_v3,opensky_all_dates_results_20260912_081335.csv,4,1631846,Sorted_Time,Randomized Grid,20625.454,1.0265655728111487,23.6,401.104,3.5,10
OpenSky_Real_World,OpenSky_MultiDate_Hourly_v3,opensky_all_dates_results_20260912_081335.csv,4,1827591,Original,Deterministic Grid,24732.475,1.0707756003622868,25.0,298.815,0.0,10
OpenSky_Real_World,OpenSky_MultiDate_Hourly_v3,opensky_all_dates_results_20260912_081335.csv,4,1827591,Original,Randomized Grid,23097.72,1.0707756003622868,26.4,452.212,6.11,10
OpenSky_Real_World,OpenSky_MultiDate_Hourly_v3,opensky_all_dates_results_20260912_081335.csv,4,1827591,Sorted_Time,Deterministic Grid,24875.916,1.0821630125995678,26.0,352.745,0.0,10
OpenSky_Real_World,OpenSky_MultiDate_Hourly_v3,opensky_all_dates_results_20260912_081335.csv,4,1827591,Sorted_Time,Randomized Grid,22987.217,1.0821630125995678,24.9,363.432,4.28,10
OpenSky_Real_World,OpenSky_MultiDate_Hourly_v3,opensky_all_dates_results_20260912_081335.csv,4,2138943,Original,Deterministic Grid,26805.682,0.9842749146304145,19.0,221.972,0.0,10
OpenSky_Real_World,OpenSky_MultiDate_Hourly_v3,opensky_all_dates_results_20260912_081335.csv,4,2138943,Original,Randomized Grid,27233.938,0.9842749146304145,24.7,418.333,4.22,10
OpenSky_Real_World,OpenSky_MultiDate_Hourly_v3,opensky_all_dates_results_20260912_081335.csv,4,2138943,Sorted_Time,Deterministic Grid,26697.327,0.9808525034798952,20.0,379.321,0.0,10
OpenSky_Real_World,OpenSky_MultiDate_Hourly_v3,opensky_all_dates_results_20260912_081335.csv,4,2138943,Sorted_Time,Randomized Grid,27218.493,0.9808525034798952,25.0,456.865,6.31,10
OpenSky_Real_World,OpenSky_MultiDate_Hourly_v3,opensky_all_dates_results_20260912_081335.csv,4,2425059,Original,Deterministic Grid,32129.766,0.9695711473803841,21.0,442.737,0.0,10
OpenSky_Real_World,OpenSky_MultiDate_Hourly_v3,opensky_all_dates_results_20260912_081335.csv,4,2425059,Original,Randomized Grid,33138.121,0.9695711473803841,26.3,976.312,4.69,10
OpenSky_Real_World,OpenSky_MultiDate_Hourly_v3,opensky_all_dates_results_20260912_081335.csv,4,2425059,Sorted_Time,Deterministic Grid,31391.377,0.9594532780503835,23.0,69.964,0.0,10
OpenSky_Real_World,OpenSky_MultiDate_Hourly_v3,opensky_all_dates_results_20260912_081335.csv,4,2425059,Sorted_Time,Randomized Grid,32717.984,0.9594532780503835,25.0,773.592,6.06,10
OpenSky_Real_World,OpenSky_Hourly_20190527,opensky_hourly_results_20260912_082011.csv,4,1280803,Original,Deterministic Grid,9675.176,1.0466272334267293,24.0,292.381,0.0,10
OpenSky_Real_World,OpenSky_Hourly_20190527,opensky_hourly_results_20260912_082011.csv,4,1280803,Original,Randomized Grid,9244.147,1.0466272334267293,20.7,480.733,3.09,10
OpenSky_Real_World,OpenSky_Hourly_20190527,opensky_hourly_results_20260912_082011.csv,4,1280803,Sorted_Time,Deterministic Grid,10556.244,1.001673275697649,22.0,1549.823,0.0,10
OpenSky_Real_World,OpenSky_Hourly_20190527,opensky_hourly_results_20260912_082011.csv,4,1280803,Sorted_Time,Randomized Grid,10538.61,1.001673275697649,22.6,1677.899,3.53,10
OpenSky_Real_World,OpenSky_Hourly_20190527,opensky_hourly_results_20260912_082011.csv,4,1217785,Original,Deterministic Grid,11544.374,1.1156477771312565,23.0,1662.198,0.0,10
OpenSky_Real_World,OpenSky_Hourly_20190527,opensky_hourly_results_20260912_082011.csv,4,1217785,Original,Randomized Grid,10347.687,1.1156477771312565,23.6,1492.781,5.1,10
OpenSky_Real_World,OpenSky_Hourly_20190527,opensky_hourly_results_20260912_082011.csv,4,1217785,Sorted_Time,Deterministic Grid,10490.62,0.9303867918780349,32.0,1673.362,0.0,10
OpenSky_Real_World,OpenSky_Hourly_20190527,opensky_hourly_results_20260912_082011.csv,4,1217785,Sorted_Time,Randomized Grid,11275.547,0.9303867918780349,20.4,854.289,5.72,10
OpenSky_Real_World,OpenSky_Hourly_20190527,opensky_hourly_results_20260912_082011.csv,4,1143456,Original,Deterministic Grid,9855.472,1.2297806540747152,21.0,1860.757,0.0,10
OpenSky_Real_World,OpenSky_Hourly_20190527,opensky_hourly_results_20260912_082011.csv,4,1143456,Original,Randomized Grid,8014.008,1.2297806540747152,26.8,273.15,3.82,10
OpenSky_Real_World,OpenSky_Hourly_20190527,opensky_hourly_results_20260912_082011.csv,4,1143456,Sorted_Time,Deterministic Grid,8598.278,1.0577675183851594,26.0,369.722,0.0,10
OpenSky_Real_World,OpenSky_Hourly_20190527,opensky_hourly_results_20260912_082011.csv,4,1143456,Sorted_Time,Randomized Grid,8128.703,1.0577675183851594,22.7,589.849,5.17,10
OpenSky_Real_World,OpenSky_Hourly_20190527,opensky_hourly_results_20260912_082011.csv,4,1087375,Original,Deterministic Grid,9463.326,1.195441133910691,19.0,73.282,0.0,10
OpenSky_Real_World,OpenSky_Hourly_20190527,opensky_hourly_results_20260912_082011.csv,4,1087375,Original,Randomized Grid,7916.179,1.195441133910691,24.2,343.922,4.71,10
OpenSky_Real_World,OpenSky_Hourly_20190527,opensky_hourly_results_20260912_082011.csv,4,1087375,Sorted_Time,Deterministic Grid,9447.76,1.2318884137351747,20.0,47.465,0.0,10
OpenSky_Real_World,OpenSky_Hourly_20190527,opensky_hourly_results_20260912_082011.csv,4,1087375,Sorted_Time,Randomized Grid,7669.331,1.2318884137351747,26.4,303.881,3.75,10
OpenSky_Real_World,OpenSky_Hourly_20190527,opensky_hourly_results_20260912_082011.csv,4,1077477,Original,Deterministic Grid,6822.121,0.9057687898216867,16.0,16.594,0.0,10
OpenSky_Real_World,OpenSky_Hourly_20190527,opensky_hourly_results_20260912_082011.csv,4,1077477,Original,Randomized Grid,7531.857,0.9057687898216867,23.9,196.573,7.02,10
OpenSky_Real_World,OpenSky_Hourly_20190527,opensky_hourly_results_20260912_082011.csv,4,1077477,Sorted_Time,Deterministic Grid,6875.409,0.8985077295165166,14.0,81.066,0.0,10
OpenSky_Real_World,OpenSky_Hourly_20190527,opensky_hourly_results_20260912_082011.csv,4,1077477,Sorted_Time,Randomized Grid,7652.031,0.8985077295165166,25.4,337.884,3.98,10
OpenSky_Real_World,OpenSky_Hourly_20190527,opensky_hourly_results_20260912_082011.csv,4,1280291,Original,Deterministic Grid,9600.371,1.02861496240504,13.0,182.837,0.0,10
OpenSky_Real_World,OpenSky_Hourly_20190527,opensky_hourly_results_20260912_082011.csv,4,1280291,Original,Randomized Grid,9333.299,1.02861496240504,23.4,145.918,4.38,10
OpenSky_Real_World,OpenSky_Hourly_20190527,opensky_hourly_results_20260912_082011.csv,4,1280291,Sorted_Time,Deterministic Grid,9284.346,1.000655187008522,12.0,76.666,0.0,10
OpenSky_Real_World,OpenSky_Hourly_20190527,opensky_hourly_results_20260912_082011.csv,4,1280291,Sorted_Time,Randomized Grid,9278.267,1.000655187008522,23.9,227.21,2.42,10
OpenSky_Real_World,OpenSky_Hourly_20190527,opensky_hourly_results_20260912_082011.csv,4,1291352,Original,Deterministic Grid,11008.984,0.9656035364173575,14.0,1875.859,0.0,10
OpenSky_Real_World,OpenSky_Hourly_20190527,opensky_hourly_results_20260912_082011.csv,4,1291352,Original,Randomized Grid,11401.143,0.9656035364173575,24.8,2040.594,4.34,10
OpenSky_Real_World,OpenSky_Hourly_20190527,opensky_hourly_results_20260912_082011.csv,4,1291352,Sorted_Time,Deterministic Grid,10926.435,1.1263641390491992,10.0,1968.012,0.0,10
OpenSky_Real_World,OpenSky_Hourly_20190527,opensky_hourly_results_20260912_082011.csv,4,1291352,Sorted_Time,Randomized Grid,9700.624,1.1263641390491992,23.1,628.526,5.04,10
OpenSky_Real_World,OpenSky_Hourly_20190527,opensky_hourly_results_20260912_082011.csv,4,1299627,Original,Deterministic Grid,9670.535,1.0744834737028885,16.0,1170.182,0.0,10
OpenSky_Real_World,OpenSky_Hourly_20190527,opensky_hourly_results_20260912_082011.csv,4,1299627,Original,Randomized Grid,9000.171,1.0744834737028885,22.0,211.322,5.81,10
OpenSky_Real_World,OpenSky_Hourly_20190527,opensky_hourly_results_20260912_082011.csv,4,1299627,Sorted_Time,Deterministic Grid,9185.292,1.0178619395343849,20.0,86.348,0.0,10
OpenSky_Real_World,OpenSky_Hourly_20190527,opensky_hourly_results_20260912_082011.csv,4,1299627,Sorted_Time,Randomized Grid,9024.104,1.0178619395343849,23.5,158.198,4.84,10
OpenSky_Real_World,OpenSky_Hourly_20190527,opensky_hourly_results_20260912_082011.csv,4,1329510,Original,Deterministic Grid,10035.141,0.8209462452606052,24.0,43.134,0.0,10
OpenSky_Real_World,OpenSky_Hourly_20190527,opensky_hourly_results_20260912_082011.csv,4,1329510,Original,Randomized Grid,12223.871,0.8209462452606052,23.4,2185.334,5.34,10
OpenSky_Real_World,OpenSky_Hourly_20190527,opensky_hourly_results_20260912_082011.csv,4,1329510,Sorted_Time,Deterministic Grid,11005.749,0.9747339237194412,25.0,1906.041,0.0,10
OpenSky_Real_World,OpenSky_Hourly_20190527,opensky_hourly_results_20260912_082011.csv,4,1329510,Sorted_Time,Randomized Grid,11291.029,0.9747339237194412,22.3,1965.34,4.74,10
OpenSky_Real_World,OpenSky_Hourly_20190527,opensky_hourly_results_20260912_082011.csv,4,1389062,Original,Deterministic Grid,12615.851,1.1857339371850593,15.0,1793.832,0.0,10
OpenSky_Real_World,OpenSky_Hourly_20190527,opensky_hourly_results_20260912_082011.csv,4,1389062,Original,Randomized Grid,10639.698,1.1857339371850593,25.5,1115.125,4.45,10
OpenSky_Real_World,OpenSky_Hourly_20190527,opensky_hourly_results_20260912_082011.csv,4,1389062,Sorted_Time,Deterministic Grid,10329.084,0.9912329997581676,20.0,124.091,0.0,10
OpenSky_Real_World,OpenSky_Hourly_20190527,opensky_hourly_results_20260912_082011.csv,4,1389062,Sorted_Time,Randomized Grid,10420.44,0.9912329997581676,23.7,444.812,4.24,10
OpenSky_Real_World,OpenSky_Hourly_20190527,opensky_hourly_results_20260912_082011.csv,4,1485134,Original,Deterministic Grid,12050.914,1.1039406317359317,21.0,45.627,0.0,10
OpenSky_Real_World,OpenSky_Hourly_20190527,opensky_hourly_results_20260912_082011.csv,4,1485134,Original,Randomized Grid,10916.27,1.1039406317359317,23.1,292.846,3.9,10
OpenSky_Real_World,OpenSky_Hourly_20190527,opensky_hourly_results_20260912_082011.csv,4,1485134,Sorted_Time,Deterministic Grid,14092.976,1.093485698962634,19.0,2381.628,0.0,10
OpenSky_Real_World,OpenSky_Hourly_20190527,opensky_hourly_results_20260912_082011.csv,4,1485134,Sorted_Time,Randomized Grid,12888.121,1.093485698962634,22.9,2040.751,3.45,10
OpenSky_Real_World,OpenSky_Hourly_20190527,opensky_hourly_results_20260912_082011.csv,4,1644677,Original,Deterministic Grid,13066.546,1.0167624170014622,23.0,618.43,0.0,10
OpenSky_Real_World,OpenSky_Hourly_20190527,opensky_hourly_results_20260912_082011.csv,4,1644677,Original,Randomized Grid,12851.13,1.0167624170014622,24.3,1076.758,5.33,10
OpenSky_Real_World,OpenSky_Hourly_20190527,opensky_hourly_results_20260912_082011.csv,4,1644677,Sorted_Time,Deterministic Grid,12700.819,0.9786532503756014,27.0,69.969,0.0,10
OpenSky_Real_World,OpenSky_Hourly_20190527,opensky_hourly_results_20260912_082011.csv,4,1644677,Sorted_Time,Randomized Grid,12977.854,0.9786532503756014,24.6,1238.843,4.93,10
OpenSky_Real_World,OpenSky_Hourly_20190527,opensky_hourly_results_20260912_082011.csv,4,1767232,Original,Deterministic Grid,13890.38,0.8476994834361976,27.0,305.693,0.0,10
OpenSky_Real_World,OpenSky_Hourly_20190527,opensky_hourly_results_20260912_082011.csv,4,1767232,Original,Randomized Grid,16385.972,0.8476994834361976,29.0,2456.92,4.71,10
OpenSky_Real_World,OpenSky_Hourly_20190527,opensky_hourly_results_20260912_082011.csv,4,1767232,Sorted_Time,Deterministic Grid,15249.029,0.9720484181056024,28.0,1866.48,0.0,10
OpenSky_Real_World,OpenSky_Hourly_20190527,opensky_hourly_results_20260912_082011.csv,4,1767232,Sorted_Time,Randomized Grid,15687.52,0.9720484181056024,26.2,2196.249,4.87,10
OpenSky_Real_World,OpenSky_Hourly_20190527,opensky_hourly_results_20260912_082011.csv,4,1897700,Original,Deterministic Grid,16236.306,0.8632217523103215,21.0,2292.48,0.0,10
OpenSky_Real_World,OpenSky_Hourly_20190527,opensky_hourly_results_20260912_082011.csv,4,1897700,Original,Randomized Grid,18808.963,0.8632217523103215,26.3,2644.462,5.4,10
OpenSky_Real_World,OpenSky_Hourly_20190527,opensky_hourly_results_20260912_082011.csv,4,1897700,Sorted_Time,Deterministic Grid,24186.173,1.3306338483409557,21.0,709.729,0.0,10
OpenSky_Real_World,OpenSky_Hourly_20190527,opensky_hourly_results_20260912_082011.csv,4,1897700,Sorted_Time,Randomized Grid,18176.43,1.3306338483409557,26.2,3197.184,4.47,10
OpenSky_Real_World,OpenSky_Hourly_20190527,opensky_hourly_results_20260912_082011.csv,4,2067150,Original,Deterministic Grid,17300.608,0.9011476780167696,16.0,108.337,0.0,10
OpenSky_Real_World,OpenSky_Hourly_20190527,opensky_hourly_results_20260912_082011.csv,4,2067150,Original,Randomized Grid,19198.416,0.9011476780167696,26.3,2239.523,5.14,10
OpenSky_Real_World,OpenSky_Hourly_20190527,opensky_hourly_results_20260912_082011.csv,4,2067150,Sorted_Time,Deterministic Grid,17595.844,0.9546460440459448,18.0,447.467,0.0,10
OpenSky_Real_World,OpenSky_Hourly_20190527,opensky_hourly_results_20260912_082011.csv,4,2067150,Sorted_Time,Randomized Grid,18431.799,0.9546460440459448,24.6,2415.304,6.0,10
OpenSky_Real_World,OpenSky_Hourly_20190527,opensky_hourly_results_20260912_082011.csv,4,2168057,Original,Deterministic Grid,18220.003,0.9783124488896263,19.0,209.92,0.0,10
OpenSky_Real_World,OpenSky_Hourly_20190527,opensky_hourly_results_20260912_082011.csv,4,2168057,Original,Randomized Grid,18623.91,0.9783124488896263,26.2,1004.394,5.49,10
OpenSky_Real_World,OpenSky_Hourly_20190527,opensky_hourly_results_20260912_082011.csv,4,2168057,Sorted_Time,Deterministic Grid,18339.304,0.9664429218965387,17.0,224.983,0.0,10
OpenSky_Real_World,OpenSky_Hourly_20190527,opensky_hourly_results_20260912_082011.csv,4,2168057,Sorted_Time,Randomized Grid,18976.086,0.9664429218965387,28.6,981.221,4.58,10
OpenSky_Real_World,OpenSky_Hourly_20190527,opensky_hourly_results_20260912_082011.csv,4,2184916,Original,Deterministic Grid,19115.94,1.0008736466879804,13.0,311.837,0.0,10
OpenSky_Real_World,OpenSky_Hourly_20190527,opensky_hourly_results_20260912_082011.csv,4,2184916,Original,Randomized Grid,19099.254,1.0008736466879804,27.4,2329.883,5.89,10
OpenSky_Real_World,OpenSky_Hourly_20190527,opensky_hourly_results_20260912_082011.csv,4,2184916,Sorted_Time,Deterministic Grid,21844.348,1.135188956269522,19.0,2727.164,0.0,10
OpenSky_Real_World,OpenSky_Hourly_20190527,opensky_hourly_results_20260912_082011.csv,4,2184916,Sorted_Time,Randomized Grid,19242.918,1.135188956269522,25.3,2189.426,5.62,10
OpenSky_Real_World,OpenSky_Hourly_20190527,opensky_hourly_results_20260912_082011.csv,4,2168940,Original,Deterministic Grid,18936.844,0.9998960336109767,20.0,259.14,0.0,10
OpenSky_Real_World,OpenSky_Hourly_20190527,opensky_hourly_results_20260912_082011.csv,4,2168940,Original,Randomized Grid,18938.813,0.9998960336109767,25.7,1807.786,4.83,10
OpenSky_Real_World,OpenSky_Hourly_20190527,opensky_hourly_results_20260912_082011.csv,4,2168940,Sorted_Time,Deterministic Grid,20953.722,1.0852629497946058,23.0,3463.735,0.0,10
OpenSky_Real_World,OpenSky_Hourly_20190527,opensky_hourly_results_20260912_082011.csv,4,2168940,Sorted_Time,Randomized Grid,19307.507,1.0852629497946058,27.0,1823.275,4.55,10
OpenSky_Real_World,OpenSky_Hourly_20190527,opensky_hourly_results_20260912_082011.csv,4,2121357,Original,Deterministic Grid,19236.637,1.0323913047795032,19.0,1180.841,0.0,10
OpenSky_Real_World,OpenSky_Hourly_20190527,opensky_hourly_results_20260912_082011.csv,4,2121357,Original,Randomized Grid,18633.087,1.0323913047795032,28.7,2786.15,4.11,10
OpenSky_Real_World,OpenSky_Hourly_20190527,opensky_hourly_results_20260912_082011.csv,4,2121357,Sorted_Time,Deterministic Grid,17970.121,1.0085189250080029,15.0,1828.506,0.0,10
OpenSky_Real_World,OpenSky_Hourly_20190527,opensky_hourly_results_20260912_082011.csv,4,2121357,Sorted_Time,Randomized Grid,17818.328,1.0085189250080029,25.6,1585.745,3.47,10
OpenSky_Real_World,OpenSky_Hourly_20190527,opensky_hourly_results_20260912_082011.csv,4,2095095,Original,Deterministic Grid,18408.093,1.0379882729570573,19.0,286.658,0.0,10
OpenSky_Real_World,OpenSky_Hourly_20190527,opensky_hourly_results_20260912_082011.csv,4,2095095,Original,Randomized Grid,17734.394,1.0379882729570573,25.6,947.078,4.84,10
OpenSky_Real_World,OpenSky_Hourly_20190527,opensky_hourly_results_20260912_082011.csv,4,2095095,Sorted_Time,Deterministic Grid,19469.807,1.0512617479799862,17.0,110.61,0.0,10
OpenSky_Real_World,OpenSky_Hourly_20190527,opensky_hourly_results_20260912_082011.csv,4,2095095,Sorted_Time,Randomized Grid,18520.418,1.0512617479799862,26.5,1072.778,8.34,10
OpenSky_Real_World,OpenSky_Hourly_20190527,opensky_hourly_results_20260912_082011.csv,4,2008853,Original,Deterministic Grid,16979.725,0.9865313628802904,23.0,962.692,0.0,10
OpenSky_Real_World,OpenSky_Hourly_20190527,opensky_hourly_results_20260912_082011.csv,4,2008853,Original,Randomized Grid,17211.541,0.9865313628802904,25.2,2074.014,5.14,10
OpenSky_Real_World,OpenSky_Hourly_20190527,opensky_hourly_results_20260912_082011.csv,4,2008853,Sorted_Time,Deterministic Grid,16816.386,1.0615024813692158,30.0,1208.139,0.0,10
OpenSky_Real_World,OpenSky_Hourly_20190527,opensky_hourly_results_20260912_082011.csv,4,2008853,Sorted_Time,Randomized Grid,15842.06,1.0615024813692158,24.1,1077.925,5.49,10
OpenSky_Real_World,OpenSky_Hourly_20190527,opensky_hourly_results_20260912_082011.csv,4,1824113,Original,Deterministic Grid,16589.443,1.0134777517364102,20.0,495.308,0.0,10
OpenSky_Real_World,OpenSky_Hourly_20190527,opensky_hourly_results_20260912_082011.csv,4,1824113,Original,Randomized Grid,16368.828,1.0134777517364102,20.7,586.862,6.02,10
OpenSky_Real_World,OpenSky_Hourly_20190527,opensky_hourly_results_20260912_082011.csv,4,1824113,Sorted_Time,Deterministic Grid,16144.665,1.0026890884482045,17.0,206.786,0.0,10
OpenSky_Real_World,OpenSky_Hourly_20190527,opensky_hourly_results_20260912_082011.csv,4,1824113,Sorted_Time,Randomized Grid,16101.367,1.0026890884482045,25.6,587.609,4.72,10
OpenSky_Real_World,OpenSky_Hourly_20190527,opensky_hourly_results_20260912_082011.csv,4,1687618,Original,Deterministic Grid,17797.735,1.056515141135737,20.0,857.494,0.0,10
OpenSky_Real_World,OpenSky_Hourly_20190527,opensky_hourly_results_20260912_082011.csv,4,1687618,Original,Randomized Grid,16845.698,1.056515141135737,25.0,1059.071,4.81,10
OpenSky_Real_World,OpenSky_Hourly_20190527,opensky_hourly_results_20260912_082011.csv,4,1687618,Sorted_Time,Deterministic Grid,16861.584,1.1685212484566712,23.0,293.444,0.0,10
OpenSky_Real_World,OpenSky_Hourly_20190527,opensky_hourly_results_20260912_082011.csv,4,1687618,Sorted_Time,Randomized Grid,14429.848,1.1685212484566712,23.2,1172.222,4.73,10
OpenSky_Real_World,OpenSky_Hourly_20190527,opensky_hourly_results_20260912_082011.csv,4,1520208,Original,Deterministic Grid,14400.079,0.9689408390847059,20.0,1848.308,0.0,10
OpenSky_Real_World,OpenSky_Hourly_20190527,opensky_hourly_results_20260912_082011.csv,4,1520208,Original,Randomized Grid,14861.67,0.9689408390847059,25.9,362.243,6.57,10
OpenSky_Real_World,OpenSky_Hourly_20190527,opensky_hourly_results_20260912_082011.csv,4,1520208,Sorted_Time,Deterministic Grid,15182.696,1.0952758277602974,15.0,329.439,0.0,10
OpenSky_Real_World,OpenSky_Hourly_20190527,opensky_hourly_results_20260912_082011.csv,4,1520208,Sorted_Time,Randomized Grid,13861.984,1.0952758277602974,24.0,1464.974,6.39,10
OpenSky_Real_World,OpenSky_39M_231351,opensky_results_20260911_231351.csv,4,39037788,Original,Deterministic Grid,484224.033,0.9099909310805817,26.0,0.0,0.0,1
OpenSky_Real_World,OpenSky_39M_231351,opensky_results_20260911_231351.csv,4,39037788,Original,Randomized Grid,532119.625,0.9099909310805817,24.0,0.0,0.0,1
OpenSky_Real_World,OpenSky_39M_231351,opensky_results_20260911_231351.csv,4,39037788,Sorted_Time_Axis,Deterministic Grid,434956.14,1.0413047029775029,26.0,0.0,0.0,1
OpenSky_Real_World,OpenSky_39M_231351,opensky_results_20260911_231351.csv,4,39037788,Sorted_Time_Axis,Randomized Grid,417703.04,1.0413047029775029,38.0,0.0,0.0,1
OpenSky_Real_World,OpenSky_39M_002012,opensky_results_20260912_002012.csv,4,39037788,Original,Deterministic Grid,348143.384,0.9478285384113625,26.0,20145.428,0.0,10
OpenSky_Real_World,OpenSky_39M_002012,opensky_results_20260912_002012.csv,4,39037788,Original,Randomized Grid,367306.29,0.9478285384113625,34.5,16041.405,7.11,10
OpenSky_Real_World,OpenSky_39M_002012,opensky_results_20260912_002012.csv,4,39037788,Sorted_Time_Axis,Deterministic Grid,338086.101,0.9178384163822254,26.0,301.54,0.0,10
OpenSky_Real_World,OpenSky_39M_002012,opensky_results_20260912_002012.csv,4,39037788,Sorted_Time_Axis,Randomized Grid,368350.349,0.9178384163822254,30.7,10038.323,5.98,10
