Dataset_Class,Subtype,Source_File,Dimension,Num_Points,Input_Order,Det_Time_ms,Rand_Time_ms,Speedup,Det_Rebuilds,Rand_Rebuilds,Rebuild_Ratio,Det_StdDev_ms,Rand_StdDev_ms,Det_CV,Rand_CV,Iterations,Tag
Adversarial,Adversarial_Ladder_of_Pairs,experiment_results_20260911_182510.csv,2,5000,Ladder_of_Pairs,2485.26587,12.43517,199.85781215697094,2499.0,13.7,182.4087591240876,33.74339,1.41775,0.013577376331168945,0.11401130824910316,10,
Adversarial,Adversarial_Sorted_X_Axis,experiment_results_20260911_182510.csv,2,5000,Sorted_X_Axis,58.5468,13.21039,4.431875213373716,54.0,15.0,3.6,0.57303,2.64252,0.009787554571727235,0.2000334585125799,10,
Adversarial,Adversarial_Ladder_of_Pairs,experiment_results_20260911_182510.csv,2,10000,Ladder_of_Pairs,10531.08796,26.83671,392.41352460864243,4999.0,19.7,253.756345177665,130.17681,5.32947,0.012361192926547351,0.19858879870148016,10,
Adversarial,Adversarial_Sorted_X_Axis,experiment_results_20260911_182510.csv,2,10000,Sorted_X_Axis,43.43082,26.46438,1.641104760436481,38.0,16.9,2.248520710059172,0.15355,4.50433,0.0035355077339087773,0.1702034961710798,10,
Adversarial,Adversarial_Ladder_of_Pairs,experiment_results_20260911_182510.csv,2,15000,Ladder_of_Pairs,23862.96164,40.87094,583.8613361963293,7499.0,16.9,443.7278106508876,133.63168,5.8181,0.0055999620674074884,0.1423529774455885,10,
Adversarial,Adversarial_Sorted_X_Axis,experiment_results_20260911_182510.csv,2,15000,Sorted_X_Axis,38.91946,40.72745,0.9556075816187855,25.0,16.7,1.4970059880239521,0.33225,8.43849,0.008536860480592484,0.2071941651146831,10,
Adversarial,Adversarial_Ladder_of_Pairs,experiment_results_20260911_182510.csv,2,20000,Ladder_of_Pairs,45004.69322,57.59746,781.3659355811872,9999.0,18.7,534.7058823529412,3636.42915,10.27643,0.08080110961369641,0.1784181107986359,10,
Adversarial,Adversarial_Sorted_X_Axis,experiment_results_20260911_182510.csv,2,20000,Sorted_X_Axis,497.96977,65.71856,7.577307993358345,104.0,20.1,5.17412935323383,20.33758,3.89381,0.04084099321932735,0.05924977662322486,10,
Adversarial,Adversarial_Ladder_of_Pairs,experiment_results_20260911_182510.csv,2,25000,Ladder_of_Pairs,67947.13378,69.22986,981.4714890366671,12499.0,17.1,730.9356725146198,2744.5869,11.54832,0.04039297535178532,0.16681125745451456,10,
Adversarial,Adversarial_Sorted_X_Axis,experiment_results_20260911_182510.csv,2,25000,Sorted_X_Axis,263.06261,65.19159,4.035223101630133,70.0,19.2,3.6458333333333335,2.32602,10.11784,0.00884207755712604,0.1552016141959415,10,
Adversarial,Adversarial_Ladder_of_Pairs,experiment_results_20260911_182510.csv,3,5000,Ladder_of_Pairs,2654.50515,24.57074,108.03521383564353,2499.0,14.9,167.71812080536913,31.68518,1.86582,0.011936379177866729,0.07593666287625037,10,
Adversarial,Adversarial_Sorted_X_Axis,experiment_results_20260911_182510.csv,3,5000,Sorted_X_Axis,26.53308,25.18067,1.053708261138405,24.0,15.4,1.5584415584415585,0.09662,1.92213,0.0036414920544467506,0.07633355268148147,10,
Adversarial,Adversarial_Ladder_of_Pairs,experiment_results_20260911_182510.csv,3,10000,Ladder_of_Pairs,10618.78859,50.32496,211.00441192601048,4999.0,17.0,294.05882352941177,90.79544,3.01214,0.008550451798758336,0.05985379819477254,10,
Adversarial,Adversarial_Sorted_X_Axis,experiment_results_20260911_182510.csv,3,10000,Sorted_X_Axis,66.59912,56.72681,1.174032525361465,17.0,20.8,0.8173076923076923,0.37456,4.2023,0.005624098336434476,0.0740796106814397,10,
Adversarial,Adversarial_Ladder_of_Pairs,experiment_results_20260911_182510.csv,3,15000,Ladder_of_Pairs,24327.24858,80.15249,303.5120752954774,7499.0,17.9,418.93854748603354,275.08804,9.90814,0.011307815558975967,0.12361612221903523,10,
Adversarial,Adversarial_Sorted_X_Axis,experiment_results_20260911_182510.csv,3,15000,Sorted_X_Axis,131.64875,83.13335,1.5835852879740804,34.0,18.9,1.798941798941799,0.27441,6.16256,0.002084410220378089,0.07412861384751127,10,
Adversarial,Adversarial_Ladder_of_Pairs,experiment_results_20260911_182510.csv,3,20000,Ladder_of_Pairs,44117.14663,109.12018,404.2986973628526,9999.0,18.5,540.4864864864865,485.46742,6.70469,0.011004053006226798,0.06144317210620437,10,
Adversarial,Adversarial_Sorted_X_Axis,experiment_results_20260911_182510.csv,3,20000,Sorted_X_Axis,123.10762,105.73611,1.1642911773470765,29.0,17.4,1.6666666666666667,1.72962,6.37539,0.014049658339589377,0.06029529552392272,10,
Adversarial,Adversarial_Ladder_of_Pairs,experiment_results_20260911_182510.csv,3,25000,Ladder_of_Pairs,68778.64778,134.09064,512.9265381983411,12499.0,17.2,726.686046511628,499.77715,6.49579,0.007266457921630282,0.0484432768759997,10,
Adversarial,Adversarial_Sorted_X_Axis,experiment_results_20260911_182510.csv,3,25000,Sorted_X_Axis,202.52537,131.65845,1.5382633625111037,20.0,18.7,1.0695187165775402,0.36817,9.99648,0.0018178957036345618,0.07592737116379542,10,
Adversarial,Adversarial_Ladder_of_Pairs,experiment_results_20260911_182510.csv,5,5000,Ladder_of_Pairs,3134.6271,204.58536,15.321854408350626,2499.0,14.1,177.2340425531915,36.89548,2.75587,0.011770293187345952,0.013470514214702361,10,
Adversarial,Adversarial_Sorted_X_Axis,experiment_results_20260911_182510.csv,5,5000,Sorted_X_Axis,206.93443,205.05579,1.0091616042638931,6.0,15.5,0.3870967741935484,1.76313,2.01421,0.008520235129552875,0.009822741411008194,10,
Adversarial,Adversarial_Ladder_of_Pairs,experiment_results_20260911_182510.csv,5,10000,Ladder_of_Pairs,12413.56077,434.79493,28.550380681761858,4999.0,17.9,279.2737430167598,140.48471,5.38987,0.011317035667921414,0.012396349699845856,10,
Adversarial,Adversarial_Sorted_X_Axis,experiment_results_20260911_182510.csv,5,10000,Sorted_X_Axis,429.62527,427.87058,1.0041009830589427,26.0,17.3,1.5028901734104045,2.864,7.05939,0.00666627454199796,0.016498890856202358,10,
Adversarial,Adversarial_Ladder_of_Pairs,experiment_results_20260911_182510.csv,5,15000,Ladder_of_Pairs,27566.89338,627.36487,43.940766686537614,7499.0,14.2,528.0985915492957,190.28188,6.6903,0.006902550729131161,0.010664129153422313,10,
Adversarial,Adversarial_Sorted_X_Axis,experiment_results_20260911_182510.csv,5,15000,Sorted_X_Axis,644.39097,624.83955,1.0312903048470603,27.0,16.9,1.5976331360946747,5.65758,5.45569,0.008779731969242213,0.008731345511019587,10,
Adversarial,Adversarial_Ladder_of_Pairs,experiment_results_20260911_182510.csv,5,20000,Ladder_of_Pairs,49555.79692,890.41738,55.654570579024416,9999.0,18.4,543.4239130434783,409.69987,11.32712,0.008267445898638169,0.012721135339923398,10,
Adversarial,Adversarial_Sorted_X_Axis,experiment_results_20260911_182510.csv,5,20000,Sorted_X_Axis,871.33588,881.01634,0.9890121674701289,22.0,16.7,1.3173652694610778,7.14775,15.29901,0.008203208618013068,0.01736518303394918,10,
Adversarial,Adversarial_Ladder_of_Pairs,experiment_results_20260911_182510.csv,5,25000,Ladder_of_Pairs,76532.10287,1086.16731,70.46069437497617,12499.0,19.6,637.704081632653,535.63893,23.00128,0.006998879031324335,0.02117655336174682,10,
Adversarial,Adversarial_Sorted_X_Axis,experiment_results_20260911_182510.csv,5,25000,Sorted_X_Axis,1089.83223,1078.01436,1.0109626276221404,32.0,18.4,1.7391304347826089,8.52342,7.9009,0.007820855142079988,0.0073291231482296776,10,
Adversarial,Adversarial_Ladder_of_Pairs,experiment_results_20260911_182510.csv,7,5000,Ladder_of_Pairs,4934.56644,1901.73413,2.5947719831898897,2499.0,15.2,164.4078947368421,62.22962,14.94783,0.012610960001584253,0.007860105029507989,10,
Adversarial,Adversarial_Sorted_X_Axis,experiment_results_20260911_182510.csv,7,5000,Sorted_X_Axis,1899.98827,1908.05608,0.9957717123282875,28.0,13.2,2.121212121212121,12.73669,6.88618,0.006703562438309158,0.0036090029387396204,10,
Adversarial,Adversarial_Ladder_of_Pairs,experiment_results_20260911_182510.csv,7,10000,Ladder_of_Pairs,16136.4415,3882.00646,4.156727111680283,4999.0,16.9,295.79881656804736,72.70087,23.29914,0.004505384288103421,0.006001829270526253,10,
Adversarial,Adversarial_Sorted_X_Axis,experiment_results_20260911_182510.csv,7,10000,Sorted_X_Axis,3888.61566,3878.59431,1.002583758237917,23.0,17.4,1.3218390804597702,20.02191,12.96991,0.005148852895377168,0.0033439718009589925,10,
Adversarial,Adversarial_Ladder_of_Pairs,experiment_results_20260911_182510.csv,7,15000,Ladder_of_Pairs,35252.11019,6111.59179,5.7680734252704395,7499.0,16.9,443.7278106508876,2823.48149,204.66123,0.08009397096463575,0.03348738545248945,10,
Adversarial,Adversarial_Sorted_X_Axis,experiment_results_20260911_182510.csv,7,15000,Sorted_X_Axis,6342.67028,6420.19609,0.9879246974838116,22.0,17.8,1.2359550561797752,185.90624,93.25202,0.02931040583746062,0.014524793120454363,10,
Adversarial,Adversarial_Ladder_of_Pairs,experiment_results_20260911_182510.csv,7,20000,Ladder_of_Pairs,67361.97282,8988.46733,7.494266858507901,9999.0,18.3,546.3934426229508,1277.42112,216.39576,0.018963534862814015,0.024074822998772585,10,
Adversarial,Adversarial_Sorted_X_Axis,experiment_results_20260911_182510.csv,7,20000,Sorted_X_Axis,9049.84481,8839.67045,1.0237762664557253,69.0,18.8,3.6702127659574466,439.26856,241.45482,0.048538794777410105,0.027314911949008237,10,
Adversarial,Adversarial_Ladder_of_Pairs,experiment_results_20260911_182510.csv,7,25000,Ladder_of_Pairs,106272.78887,11116.24786,9.56013127886481,12499.0,17.6,710.1704545454545,4574.031,151.0681,0.043040472059082416,0.013589846313484413,10,
Adversarial,Adversarial_Sorted_X_Axis,experiment_results_20260911_182510.csv,7,25000,Sorted_X_Axis,11042.24419,11322.37561,0.9752586003459746,37.0,17.0,2.176470588235294,208.8604,256.57356,0.01891466955504812,0.022660753258652935,10,
Synthetic_Sorted,Synth_Sorted_194655,experiment_results_20260912_194655.csv,2,50000,Sorted_X_Axis,24.70129,31.5142,0.7838145978638201,10.0,20.0,0.5,16.18053,0.55042,0.6550479752272048,0.0174657773321233,5,
Synthetic_Sorted,Synth_Sorted_194655,experiment_results_20260912_194655.csv,2,100000,Sorted_X_Axis,49.70962,79.41906,0.6259154918227439,11.0,22.0,0.5,10.16641,6.59568,0.20451594681270951,0.08304908166880846,5,
Synthetic_Sorted,Synth_Sorted_194655,experiment_results_20260912_194655.csv,2,200000,Sorted_X_Axis,374.45198,208.53704,1.7956137672233192,15.0,18.0,0.8333333333333334,23.17836,20.87331,0.06189941898557994,0.10009401687105562,5,
Synthetic_Sorted,Synth_Sorted_194655,experiment_results_20260912_194655.csv,2,350000,Sorted_X_Axis,526.57723,495.01051,1.0637697975341978,18.0,24.0,0.75,66.91902,40.30896,0.12708301116628232,0.08143051346525955,5,
Synthetic_Sorted,Synth_Sorted_194655,experiment_results_20260912_194655.csv,2,500000,Sorted_X_Axis,802.93986,820.11529,0.9790572981513367,16.0,23.0,0.6956521739130435,73.82565,26.60021,0.09194418371507923,0.032434720245247475,5,
Synthetic_Sorted,Synth_Sorted_194655,experiment_results_20260912_194655.csv,3,50000,Sorted_X_Axis,43.95767,38.26267,1.1488395869917076,17.0,23.0,0.7391304347826086,6.74233,2.74575,0.15338233350402786,0.07176054363169115,5,
Synthetic_Sorted,Synth_Sorted_194655,experiment_results_20260912_194655.csv,3,100000,Sorted_X_Axis,135.35122,115.73334,1.1695093220328732,13.0,19.0,0.6842105263157895,12.42504,7.10163,0.09179850761596385,0.06136200683398578,5,
Synthetic_Sorted,Synth_Sorted_194655,experiment_results_20260912_194655.csv,3,200000,Sorted_X_Axis,314.52706,553.91335,0.5678271881333063,11.0,22.0,0.5,22.58805,21.89282,0.07181591943154271,0.039523907484807864,5,
Synthetic_Sorted,Synth_Sorted_194655,experiment_results_20260912_194655.csv,3,350000,Sorted_X_Axis,850.31187,1001.27047,0.84923294502034,19.0,19.0,1.0,39.57233,47.78577,0.04653860706425279,0.0477251366456458,5,
Synthetic_Sorted,Synth_Sorted_194655,experiment_results_20260912_194655.csv,3,500000,Sorted_X_Axis,1257.05863,1736.89797,0.7237377506981599,20.0,21.0,0.9523809523809523,12.67909,56.38793,0.010086315544407027,0.03246473366538623,5,
Synthetic_Sorted,Synth_Sorted_194655,experiment_results_20260912_194655.csv,5,50000,Sorted_X_Axis,344.20941,341.65295,1.0074826223511315,22.0,14.0,1.5714285714285714,16.51136,8.5535,0.047968938443606175,0.025035639235662974,5,
Synthetic_Sorted,Synth_Sorted_194655,experiment_results_20260912_194655.csv,5,100000,Sorted_X_Axis,1111.48543,1071.69145,1.0371319375553476,17.0,22.0,0.7727272727272727,76.00985,106.94763,0.06838582670399918,0.09979330338037128,5,
Synthetic_Sorted,Synth_Sorted_194655,experiment_results_20260912_194655.csv,5,200000,Sorted_X_Axis,3604.55302,3345.04472,1.0775799194696567,17.0,24.0,0.7083333333333334,128.03851,138.79426,0.03552132796759361,0.041492497595069525,5,
Synthetic_Sorted,Synth_Sorted_194655,experiment_results_20260912_194655.csv,5,350000,Sorted_X_Axis,8417.39984,7970.62527,1.0560526376370472,19.0,21.0,0.9047619047619048,205.33389,364.98871,0.024393980790153362,0.04579172870838025,5,
Synthetic_Sorted,Synth_Sorted_194655,experiment_results_20260912_194655.csv,5,500000,Sorted_X_Axis,12464.701,12338.41656,1.0102350605027717,23.0,23.0,1.0,331.08798,292.94579,0.026562047497168208,0.02374257576532981,5,
Synthetic_Sorted,Synth_Sorted_194655,experiment_results_20260912_194655.csv,7,50000,Sorted_X_Axis,4019.71313,4503.14547,0.8926456310992769,15.0,20.0,0.75,264.74971,204.24912,0.06586283683383147,0.045356989100332125,5,
Synthetic_Sorted,Synth_Sorted_194655,experiment_results_20260912_194655.csv,7,100000,Sorted_X_Axis,11590.53912,13436.41742,0.8626212447633232,16.0,22.0,0.7272727272727273,1279.41366,1007.65015,0.1103843097162162,0.07499395995990128,5,
Synthetic_Sorted,Synth_Sorted_194655,experiment_results_20260912_194655.csv,7,200000,Sorted_X_Axis,41006.08994,43720.67874,0.9379106436992153,15.0,30.0,0.5,2364.8883,1872.16308,0.05767163617551194,0.042820997613817004,5,
Synthetic_Sorted,Synth_Sorted_194655,experiment_results_20260912_194655.csv,7,350000,Sorted_X_Axis,86873.02749,68155.15263,1.2746362400743991,21.0,28.0,0.75,14984.37937,2533.29927,0.1724859810109054,0.03716959279297267,5,
Synthetic_Sorted,Synth_Sorted_194655,experiment_results_20260912_194655.csv,7,500000,Sorted_X_Axis,126807.5255,108939.53894,1.164017460821466,17.0,28.0,0.6071428571428571,21999.2315,697.35177,0.17348522032314243,0.0064012733740692294,5,
Synthetic_Sorted,Synth_Sorted_095849,experiment_results_20260911_095849.csv,2,50000,Sorted_X_Axis,97.51502,132.89919,0.7337518008950995,10.0,21.2,0.4716981132075472,1.56418,18.41567,0.01604040075057155,0.138568715129114,10,
Synthetic_Sorted,Synth_Sorted_095849,experiment_results_20260911_095849.csv,2,100000,Sorted_X_Axis,226.29778,380.13102,0.5953152152644633,11.0,21.4,0.5140186915887851,8.22616,75.93787,0.03635104153474241,0.19976762222667335,10,
Synthetic_Sorted,Synth_Sorted_095849,experiment_results_20260911_095849.csv,2,200000,Sorted_X_Axis,824.08347,727.94025,1.1320757026418033,15.0,22.0,0.6818181818181818,31.52432,81.02695,0.038253794849203805,0.1113098911620837,10,
Synthetic_Sorted,Synth_Sorted_095849,experiment_results_20260911_095849.csv,2,350000,Sorted_X_Axis,1447.41406,1541.07632,0.9392228283671247,18.0,24.7,0.728744939271255,50.19089,193.38494,0.03467624875773281,0.12548693240578768,10,
Synthetic_Sorted,Synth_Sorted_095849,experiment_results_20260911_095849.csv,2,500000,Sorted_X_Axis,2062.12971,2508.49214,0.8220594663693067,16.0,23.5,0.6808510638297872,55.67852,426.48394,0.02700049358194834,0.17001605594028293,10,
Synthetic_Sorted,Synth_Sorted_095849,experiment_results_20260911_095849.csv,3,50000,Sorted_X_Axis,264.49785,292.82566,0.9032604929499689,17.0,19.4,0.8762886597938145,7.35796,45.30934,0.027818600415844587,0.1547314535208424,10,
Synthetic_Sorted,Synth_Sorted_095849,experiment_results_20260911_095849.csv,3,100000,Sorted_X_Axis,582.03294,652.79057,0.8916074568908066,13.0,15.6,0.8333333333333334,31.22341,69.05907,0.05364543456939052,0.1057905447378016,10,
Synthetic_Sorted,Synth_Sorted_095849,experiment_results_20260911_095849.csv,3,200000,Sorted_X_Axis,1834.82869,2019.39112,0.9086049115636401,11.0,21.3,0.5164319248826291,106.88453,280.32578,0.058253138607724735,0.1388169816256298,10,
Synthetic_Sorted,Synth_Sorted_095849,experiment_results_20260911_095849.csv,3,350000,Sorted_X_Axis,3442.43233,3521.38788,0.9775782865476325,19.0,20.6,0.9223300970873786,47.27519,355.07775,0.013733077506856903,0.10083460331555408,10,
Synthetic_Sorted,Synth_Sorted_095849,experiment_results_20260911_095849.csv,3,500000,Sorted_X_Axis,4189.5034,5141.58655,0.8148269720364816,20.0,25.4,0.7874015748031497,117.76082,636.99221,0.02810853906933218,0.12389020466844033,10,
Synthetic_Sorted,Synth_Sorted_095849,experiment_results_20260911_095849.csv,5,50000,Sorted_X_Axis,2706.85876,2680.69452,1.0097602467587392,22.0,18.7,1.1764705882352942,124.23715,136.11096,0.04589716753451887,0.050774513464518146,10,
Synthetic_Sorted,Synth_Sorted_095849,experiment_results_20260911_095849.csv,5,100000,Sorted_X_Axis,6520.19364,6404.93161,1.0179958252512864,17.0,18.9,0.8994708994708995,1341.19035,556.37329,0.20569793230864844,0.08686639044378493,10,
Synthetic_Sorted,Synth_Sorted_095849,experiment_results_20260911_095849.csv,5,200000,Sorted_X_Axis,14138.15481,13784.75308,1.0256371461968907,17.0,20.4,0.8333333333333334,357.19516,239.06454,0.025264623623116204,0.01734267843700832,10,
Synthetic_Sorted,Synth_Sorted_095849,experiment_results_20260911_095849.csv,5,350000,Sorted_X_Axis,27396.02009,28180.53382,0.9721611473007931,19.0,23.0,0.8260869565217391,377.72674,389.60688,0.013787650131629027,0.013825390338187709,10,
Synthetic_Sorted,Synth_Sorted_095849,experiment_results_20260911_095849.csv,5,500000,Sorted_X_Axis,55945.2657,39811.34517,1.4052593666731408,23.0,25.6,0.8984375,4459.9916,1132.85437,0.07972062594029293,0.02845556625033778,10,
Synthetic_Sorted,Synth_Sorted_095849,experiment_results_20260911_095849.csv,7,50000,Sorted_X_Axis,22444.33642,21345.6634,1.0514705492826237,15.0,19.3,0.7772020725388601,1770.4823,2791.60844,0.07888325441523568,0.1307810578517789,10,
Synthetic_Sorted,Synth_Sorted_095849,experiment_results_20260911_095849.csv,7,100000,Sorted_X_Axis,45675.62682,46161.16179,0.9894817428510826,16.0,22.6,0.7079646017699115,1493.54009,1713.53925,0.032698841679519614,0.03712079990090735,10,
Synthetic_Sorted,Synth_Sorted_095849,experiment_results_20260911_095849.csv,7,200000,Sorted_X_Axis,106525.52568,121348.88996,0.8778450772406226,15.0,22.5,0.6666666666666666,385.93781,9514.94943,0.0036229608587837196,0.07840985964631729,10,
Synthetic_Sorted,Synth_Sorted_095849,experiment_results_20260911_095849.csv,7,350000,Sorted_X_Axis,242418.98243,239502.30986,1.0121780561185607,21.0,23.6,0.8898305084745762,7465.46138,1184.43699,0.030795696381390836,0.004945409464703523,10,
OpenSky_Real_World,OpenSky_100M_3iter,opensky_100M_results.csv,4,133484198,Original,1984056.455,1956605.094,1.0140300978895438,20.0,32.67,0.6121824303642485,27594.109,21702.094,0.013907925316570691,0.011091708831051423,3,
OpenSky_Real_World,OpenSky_100M_10iter,opensky_100M_results.csv,4,133484198,Original,1956517.069,1957852.718,0.9993177990419194,20.0,34.0,0.5882352941176471,2578.773,24592.814,0.0013180426794426297,0.012561115437284899,10,
OpenSky_Real_World,OpenSky_Cache_Slice,opensky_cache_results.csv,4,1000,Original,1.357,1.361,0.997060984570169,8.0,10.33,0.7744433688286544,0.047,0.023,0.034635224760501106,0.01689933872152829,3,
OpenSky_Real_World,OpenSky_Cache_Slice,opensky_cache_results.csv,4,5000,Original,7.116,7.475,0.9519732441471572,10.0,16.67,0.5998800239952009,0.046,0.354,0.006464305789769534,0.04735785953177257,3,
OpenSky_Real_World,OpenSky_Cache_Slice,opensky_cache_results.csv,4,10000,Original,14.907,14.561,1.0237621042510816,11.0,14.67,0.7498295841854125,0.086,0.283,0.005769101764271818,0.019435478332532105,3,
OpenSky_Real_World,OpenSky_Cache_Slice,opensky_cache_results.csv,4,50000,Original,81.791,83.554,0.978899873135936,11.0,22.33,0.4926108374384237,0.661,1.086,0.008081573767284909,0.012997582401800035,3,
OpenSky_Real_World,OpenSky_Cache_Slice,opensky_cache_results.csv,4,100000,Original,197.272,204.122,0.9664416378440344,11.0,14.33,0.7676203768318214,1.947,2.914,0.009869621639158117,0.014275776251457461,3,
OpenSky_Real_World,OpenSky_Cache_Slice,opensky_cache_results.csv,4,500000,Original,2164.311,2184.935,0.990560817598693,11.0,22.67,0.4852227613586237,30.415,19.228,0.014052971130304286,0.00880026179268491,3,
OpenSky_Real_World,OpenSky_Cache_Slice,opensky_cache_results.csv,4,1000000,Original,6649.196,6448.189,1.031172628469792,12.0,21.0,0.5714285714285714,143.424,17.613,0.021570126673961784,0.002731464601921563,3,
OpenSky_Real_World,OpenSky_Cache_Slice,opensky_cache_results.csv,4,1500000,Original,11475.163,11407.156,1.0059617839889277,12.0,23.0,0.5217391304347826,201.74,74.275,0.017580578158236184,0.006511263631355616,3,
OpenSky_Real_World,OpenSky_Cache_Slice,opensky_cache_results.csv,4,2000000,Original,16920.896,16833.322,1.005202419344203,12.0,23.67,0.5069708491761723,20.335,78.237,0.0012017685115492702,0.00464774570343275,3,
OpenSky_Real_World,OpenSky_Cache_Slice,opensky_cache_results.csv,4,3000000,Original,29827.257,28137.953,1.0600364923489638,14.0,30.67,0.45647212259537007,469.125,302.549,0.015728063763959254,0.010752345772984978,3,
OpenSky_Real_World,OpenSky_Cache_Slice,opensky_cache_results.csv,4,5000000,Original,54787.61,54006.831,1.0144570415546137,14.0,27.33,0.5122575923893158,469.197,816.198,0.00856392531085039,0.015112866000228748,3,
OpenSky_Real_World,OpenSky_MultiDate_Hourly_v3,opensky_all_dates_results_20260912_081335.csv,4,2004714,Original,25569.169,24912.155,1.0263732302564754,34.0,24.4,1.3934426229508197,386.654,380.961,0.015121883702986201,0.015292173639735304,10,states_2022-06-27-00_4d
OpenSky_Real_World,OpenSky_MultiDate_Hourly_v3,opensky_all_dates_results_20260912_081335.csv,4,2004714,Sorted_Time,25755.668,25425.893,1.0129700459291637,28.0,23.7,1.1814345991561181,417.835,775.056,0.016223030984869036,0.030482941149795606,10,states_2022-06-27-00_4d
OpenSky_Real_World,OpenSky_MultiDate_Hourly_v3,opensky_all_dates_results_20260912_081335.csv,4,1821348,Original,25290.05,23892.501,1.0584932067178734,23.0,27.6,0.8333333333333333,444.354,698.983,0.01757030927182825,0.029255329946412893,10,states_2022-06-27-01_4d
OpenSky_Real_World,OpenSky_MultiDate_Hourly_v3,opensky_all_dates_results_20260912_081335.csv,4,1821348,Sorted_Time,25032.126,24595.57,1.0177493751923619,21.0,29.0,0.7241379310344828,436.008,1082.806,0.017417937253911234,0.04402443204203033,10,states_2022-06-27-01_4d
OpenSky_Real_World,OpenSky_MultiDate_Hourly_v3,opensky_all_dates_results_20260912_081335.csv,4,1677278,Original,21947.936,21492.865,1.021173119544556,20.0,24.2,0.8264462809917356,113.366,607.121,0.00516522373675593,0.02824756029500953,10,states_2022-06-27-02_4d
OpenSky_Real_World,OpenSky_MultiDate_Hourly_v3,opensky_all_dates_results_20260912_081335.csv,4,1677278,Sorted_Time,21677.388,21589.155,1.0040869130820544,24.0,25.1,0.9561752988047808,244.669,415.872,0.011286830313689086,0.01926300496707722,10,states_2022-06-27-02_4d
OpenSky_Real_World,OpenSky_MultiDate_Hourly_v3,opensky_all_dates_results_20260912_081335.csv,4,1517217,Original,19450.719,19852.958,0.9797390897618381,29.0,24.2,1.1983471074380165,123.411,456.437,0.006344804014699919,0.022990881258097663,10,states_2022-06-27-03_4d
OpenSky_Real_World,OpenSky_MultiDate_Hourly_v3,opensky_all_dates_results_20260912_081335.csv,4,1517217,Sorted_Time,19833.005,20008.664,0.9912208531264256,27.0,26.7,1.0112359550561798,282.724,211.609,0.014255227586540718,0.010575868533751179,10,states_2022-06-27-03_4d
OpenSky_Real_World,OpenSky_MultiDate_Hourly_v3,opensky_all_dates_results_20260912_081335.csv,4,1419202,Original,18493.385,18603.98,0.9940553042951024,29.0,24.4,1.1885245901639345,140.117,670.273,0.0075766010386957286,0.03602847347718069,10,states_2022-06-27-04_4d
OpenSky_Real_World,OpenSky_MultiDate_Hourly_v3,opensky_all_dates_results_20260912_081335.csv,4,1419202,Sorted_Time,18738.799,18682.006,1.0030399840359754,25.0,22.0,1.1363636363636365,333.019,526.904,0.01777162986806145,0.028203823508032272,10,states_2022-06-27-04_4d
OpenSky_Real_World,OpenSky_MultiDate_Hourly_v3,opensky_all_dates_results_20260912_081335.csv,4,1516261,Original,19888.073,19468.893,1.021530756782114,21.0,24.7,0.8502024291497976,382.378,353.666,0.019226498213275864,0.01816569642660217,10,states_2022-06-27-05_4d
OpenSky_Real_World,OpenSky_MultiDate_Hourly_v3,opensky_all_dates_results_20260912_081335.csv,4,1516261,Sorted_Time,19720.084,19369.261,1.0181123585458423,22.0,22.5,0.9777777777777777,326.816,299.503,0.01657274887875731,0.015462799535821217,10,states_2022-06-27-05_4d
OpenSky_Real_World,OpenSky_MultiDate_Hourly_v3,opensky_all_dates_results_20260912_081335.csv,4,1534283,Original,20125.866,19986.385,1.0069788008186575,20.0,23.7,0.8438818565400844,23.248,443.165,0.001155130417742024,0.022173344504271286,10,states_2022-06-27-06_4d
OpenSky_Real_World,OpenSky_MultiDate_Hourly_v3,opensky_all_dates_results_20260912_081335.csv,4,1534283,Sorted_Time,19757.877,20120.474,0.9819787048754419,26.0,26.5,0.9811320754716981,367.519,410.772,0.018601138168842735,0.020415622415257215,10,states_2022-06-27-06_4d
OpenSky_Real_World,OpenSky_MultiDate_Hourly_v3,opensky_all_dates_results_20260912_081335.csv,4,1531918,Original,22746.973,20395.308,1.1153042160481226,32.0,24.4,1.3114754098360657,256.275,617.131,0.011266334206313955,0.03025847905802648,10,states_2022-06-27-07_4d
OpenSky_Real_World,OpenSky_MultiDate_Hourly_v3,opensky_all_dates_results_20260912_081335.csv,4,1531918,Sorted_Time,22789.82,19836.516,1.1488821928205537,27.0,23.2,1.1637931034482758,124.081,477.986,0.005444580080053287,0.024096267711527567,10,states_2022-06-27-07_4d
OpenSky_Real_World,OpenSky_MultiDate_Hourly_v3,opensky_all_dates_results_20260912_081335.csv,4,1593661,Original,20806.444,21235.058,0.9798157367877215,33.0,28.3,1.1660777385159011,334.773,513.205,0.01608987100342567,0.024167817201158577,10,states_2022-06-27-08_4d
OpenSky_Real_World,OpenSky_MultiDate_Hourly_v3,opensky_all_dates_results_20260912_081335.csv,4,1593661,Sorted_Time,20912.217,21135.412,0.9894397610985771,31.0,22.7,1.3656387665198237,328.182,487.176,0.01569331458257152,0.023050224902168927,10,states_2022-06-27-08_4d
OpenSky_Real_World,OpenSky_MultiDate_Hourly_v3,opensky_all_dates_results_20260912_081335.csv,4,1631846,Original,21255.052,20578.521,1.0328755890668722,16.0,25.4,0.6299212598425197,148.519,483.611,0.006987468202853609,0.023500765676989128,10,states_2022-06-27-09_4d
OpenSky_Real_World,OpenSky_MultiDate_Hourly_v3,opensky_all_dates_results_20260912_081335.csv,4,1631846,Sorted_Time,21173.381,20625.454,1.0265655728111487,18.0,23.6,0.7627118644067796,262.489,401.104,0.012397122594638993,0.01944703859609587,10,states_2022-06-27-09_4d
OpenSky_Real_World,OpenSky_MultiDate_Hourly_v3,opensky_all_dates_results_20260912_081335.csv,4,1827591,Original,24732.475,23097.72,1.0707756003622868,25.0,26.4,0.946969696969697,298.815,452.212,0.01208188828655442,0.019578209450976113,10,states_2022-06-27-10_4d
OpenSky_Real_World,OpenSky_MultiDate_Hourly_v3,opensky_all_dates_results_20260912_081335.csv,4,1827591,Sorted_Time,24875.916,22987.217,1.0821630125995678,26.0,24.9,1.0441767068273093,352.745,363.432,0.014180181344879923,0.015810178326502073,10,states_2022-06-27-10_4d
OpenSky_Real_World,OpenSky_MultiDate_Hourly_v3,opensky_all_dates_results_20260912_081335.csv,4,2138943,Original,26805.682,27233.938,0.9842749146304145,19.0,24.7,0.7692307692307693,221.972,418.333,0.008280781664126284,0.01536072381452877,10,states_2022-06-27-11_4d
OpenSky_Real_World,OpenSky_MultiDate_Hourly_v3,opensky_all_dates_results_20260912_081335.csv,4,2138943,Sorted_Time,26697.327,27218.493,0.9808525034798952,20.0,25.0,0.8,379.321,456.865,0.014208201442788636,0.01678509533940766,10,states_2022-06-27-11_4d
OpenSky_Real_World,OpenSky_MultiDate_Hourly_v3,opensky_all_dates_results_20260912_081335.csv,4,2425059,Original,32129.766,33138.121,0.9695711473803841,21.0,26.3,0.7984790874524714,442.737,976.312,0.013779652176738544,0.02946189978605003,10,states_2022-06-27-12_4d
OpenSky_Real_World,OpenSky_MultiDate_Hourly_v3,opensky_all_dates_results_20260912_081335.csv,4,2425059,Sorted_Time,31391.377,32717.984,0.9594532780503835,23.0,25.0,0.92,69.964,773.592,0.0022287649248390728,0.023644244095235207,10,states_2022-06-27-12_4d
OpenSky_Real_World,OpenSky_Hourly_20190527,opensky_hourly_results_20260912_082011.csv,4,1280803,Original,9675.176,9244.147,1.0466272334267293,24.0,20.7,1.1594202898550725,292.381,480.733,0.030219708664731264,0.05200404104348405,10,states_2019-05-27-00_4d
OpenSky_Real_World,OpenSky_Hourly_20190527,opensky_hourly_results_20260912_082011.csv,4,1280803,Sorted_Time,10556.244,10538.61,1.001673275697649,22.0,22.6,0.9734513274336283,1549.823,1677.899,0.14681576136360622,0.1592144504825589,10,states_2019-05-27-00_4d
OpenSky_Real_World,OpenSky_Hourly_20190527,opensky_hourly_results_20260912_082011.csv,4,1217785,Original,11544.374,10347.687,1.1156477771312565,23.0,23.6,0.9745762711864406,1662.198,1492.781,0.14398338099579935,0.1442622877943641,10,states_2019-05-27-01_4d
OpenSky_Real_World,OpenSky_Hourly_20190527,opensky_hourly_results_20260912_082011.csv,4,1217785,Sorted_Time,10490.62,11275.547,0.9303867918780349,32.0,20.4,1.5686274509803924,1673.362,854.289,0.1595103053966305,0.07576475003829082,10,states_2019-05-27-01_4d
OpenSky_Real_World,OpenSky_Hourly_20190527,opensky_hourly_results_20260912_082011.csv,4,1143456,Original,9855.472,8014.008,1.2297806540747152,21.0,26.8,0.7835820895522387,1860.757,273.15,0.18880445299829374,0.03408406879553901,10,states_2019-05-27-02_4d
OpenSky_Real_World,OpenSky_Hourly_20190527,opensky_hourly_results_20260912_082011.csv,4,1143456,Sorted_Time,8598.278,8128.703,1.0577675183851594,26.0,22.7,1.145374449339207,369.722,589.849,0.04299954014047929,0.07256372880150745,10,states_2019-05-27-02_4d
OpenSky_Real_World,OpenSky_Hourly_20190527,opensky_hourly_results_20260912_082011.csv,4,1087375,Original,9463.326,7916.179,1.195441133910691,19.0,24.2,0.7851239669421488,73.282,343.922,0.007743789023013685,0.043445455187407965,10,states_2019-05-27-03_4d
OpenSky_Real_World,OpenSky_Hourly_20190527,opensky_hourly_results_20260912_082011.csv,4,1087375,Sorted_Time,9447.76,7669.331,1.2318884137351747,20.0,26.4,0.7575757575757576,47.465,303.881,0.005023942183120655,0.03962288236092561,10,states_2019-05-27-03_4d
OpenSky_Real_World,OpenSky_Hourly_20190527,opensky_hourly_results_20260912_082011.csv,4,1077477,Original,6822.121,7531.857,0.9057687898216867,16.0,23.9,0.6694560669456068,16.594,196.573,0.002432381366440144,0.02609887574870314,10,states_2019-05-27-04_4d
OpenSky_Real_World,OpenSky_Hourly_20190527,opensky_hourly_results_20260912_082011.csv,4,1077477,Sorted_Time,6875.409,7652.031,0.8985077295165166,14.0,25.4,0.5511811023622047,81.066,337.884,0.011790716741360405,0.04415612012026611,10,states_2019-05-27-04_4d
OpenSky_Real_World,OpenSky_Hourly_20190527,opensky_hourly_results_20260912_082011.csv,4,1280291,Original,9600.371,9333.299,1.02861496240504,13.0,23.4,0.5555555555555556,182.837,145.918,0.019044784831752856,0.015634128939831456,10,states_2019-05-27-05_4d
OpenSky_Real_World,OpenSky_Hourly_20190527,opensky_hourly_results_20260912_082011.csv,4,1280291,Sorted_Time,9284.346,9278.267,1.000655187008522,12.0,23.9,0.502092050209205,76.666,227.21,0.008257555244063502,0.02448840931178204,10,states_2019-05-27-05_4d
OpenSky_Real_World,OpenSky_Hourly_20190527,opensky_hourly_results_20260912_082011.csv,4,1291352,Original,11008.984,11401.143,0.9656035364173575,14.0,24.8,0.564516129032258,1875.859,2040.594,0.17039347136847505,0.1789815284309652,10,states_2019-05-27-06_4d
OpenSky_Real_World,OpenSky_Hourly_20190527,opensky_hourly_results_20260912_082011.csv,4,1291352,Sorted_Time,10926.435,9700.624,1.1263641390491992,10.0,23.1,0.4329004329004329,1968.012,628.526,0.1801147400776191,0.06479232676165987,10,states_2019-05-27-06_4d
OpenSky_Real_World,OpenSky_Hourly_20190527,opensky_hourly_results_20260912_082011.csv,4,1299627,Original,9670.535,9000.171,1.0744834737028885,16.0,22.0,0.7272727272727273,1170.182,211.322,0.12100488752690519,0.0234797761064762,10,states_2019-05-27-07_4d
OpenSky_Real_World,OpenSky_Hourly_20190527,opensky_hourly_results_20260912_082011.csv,4,1299627,Sorted_Time,9185.292,9024.104,1.0178619395343849,20.0,23.5,0.851063829787234,86.348,158.198,0.009400681001758029,0.017530604700477743,10,states_2019-05-27-07_4d
OpenSky_Real_World,OpenSky_Hourly_20190527,opensky_hourly_results_20260912_082011.csv,4,1329510,Original,10035.141,12223.871,0.8209462452606052,24.0,23.4,1.0256410256410258,43.134,2185.334,0.004298295360274459,0.17877593767146266,10,states_2019-05-27-08_4d
OpenSky_Real_World,OpenSky_Hourly_20190527,opensky_hourly_results_20260912_082011.csv,4,1329510,Sorted_Time,11005.749,11291.029,0.9747339237194412,25.0,22.3,1.1210762331838564,1906.041,1965.34,0.1731859412748737,0.1740620806128476,10,states_2019-05-27-08_4d
OpenSky_Real_World,OpenSky_Hourly_20190527,opensky_hourly_results_20260912_082011.csv,4,1389062,Original,12615.851,10639.698,1.1857339371850593,15.0,25.5,0.5882352941176471,1793.832,1115.125,0.14218874335151865,0.10480795601529291,10,states_2019-05-27-09_4d
OpenSky_Real_World,OpenSky_Hourly_20190527,opensky_hourly_results_20260912_082011.csv,4,1389062,Sorted_Time,10329.084,10420.44,0.9912329997581676,20.0,23.7,0.8438818565400844,124.091,444.812,0.012013746814335133,0.04268648924613548,10,states_2019-05-27-09_4d
OpenSky_Real_World,OpenSky_Hourly_20190527,opensky_hourly_results_20260912_082011.csv,4,1485134,Original,12050.914,10916.27,1.1039406317359317,21.0,23.1,0.9090909090909091,45.627,292.846,0.0037861858444927913,0.02682656255295994,10,states_2019-05-27-10_4d
OpenSky_Real_World,OpenSky_Hourly_20190527,opensky_hourly_results_20260912_082011.csv,4,1485134,Sorted_Time,14092.976,12888.121,1.093485698962634,19.0,22.9,0.8296943231441049,2381.628,2040.751,0.16899397260025137,0.158343563037622,10,states_2019-05-27-10_4d
OpenSky_Real_World,OpenSky_Hourly_20190527,opensky_hourly_results_20260912_082011.csv,4,1644677,Original,13066.546,12851.13,1.0167624170014622,23.0,24.3,0.9465020576131687,618.43,1076.758,0.047329263601873055,0.08378702884493426,10,states_2019-05-27-11_4d
OpenSky_Real_World,OpenSky_Hourly_20190527,opensky_hourly_results_20260912_082011.csv,4,1644677,Sorted_Time,12700.819,12977.854,0.9786532503756014,27.0,24.6,1.097560975609756,69.969,1238.843,0.005509014812351865,0.09545823215456116,10,states_2019-05-27-11_4d
OpenSky_Real_World,OpenSky_Hourly_20190527,opensky_hourly_results_20260912_082011.csv,4,1767232,Original,13890.38,16385.972,0.8476994834361976,27.0,29.0,0.9310344827586207,305.693,2456.92,0.022007533271228,0.1499404490621612,10,states_2019-05-27-12_4d
OpenSky_Real_World,OpenSky_Hourly_20190527,opensky_hourly_results_20260912_082011.csv,4,1767232,Sorted_Time,15249.029,15687.52,0.9720484181056024,28.0,26.2,1.0687022900763359,1866.48,2196.249,0.1223999246115933,0.1399997577692331,10,states_2019-05-27-12_4d
OpenSky_Real_World,OpenSky_Hourly_20190527,opensky_hourly_results_20260912_082011.csv,4,1897700,Original,16236.306,18808.963,0.8632217523103215,21.0,26.3,0.7984790874524714,2292.48,2644.462,0.14119467814908143,0.14059584252465168,10,states_2019-05-27-13_4d
OpenSky_Real_World,OpenSky_Hourly_20190527,opensky_hourly_results_20260912_082011.csv,4,1897700,Sorted_Time,24186.173,18176.43,1.3306338483409557,21.0,26.2,0.8015267175572519,709.729,3197.184,0.029344410957450776,0.17589724714919266,10,states_2019-05-27-13_4d
OpenSky_Real_World,OpenSky_Hourly_20190527,opensky_hourly_results_20260912_082011.csv,4,2067150,Original,17300.608,19198.416,0.9011476780167696,16.0,26.3,0.6083650190114068,108.337,2239.523,0.006262034259142801,0.1166514466610162,10,states_2019-05-27-14_4d
OpenSky_Real_World,OpenSky_Hourly_20190527,opensky_hourly_results_20260912_082011.csv,4,2067150,Sorted_Time,17595.844,18431.799,0.9546460440459448,18.0,24.6,0.7317073170731707,447.467,2415.304,0.025430266374264283,0.1310400574572238,10,states_2019-05-27-14_4d
OpenSky_Real_World,OpenSky_Hourly_20190527,opensky_hourly_results_20260912_082011.csv,4,2168057,Original,18220.003,18623.91,0.9783124488896263,19.0,26.2,0.7251908396946565,209.92,1004.394,0.011521403152348546,0.05393035082321596,10,states_2019-05-27-15_4d
OpenSky_Real_World,OpenSky_Hourly_20190527,opensky_hourly_results_20260912_082011.csv,4,2168057,Sorted_Time,18339.304,18976.086,0.9664429218965387,17.0,28.6,0.5944055944055944,224.983,981.221,0.012267804710582256,0.051708292215792026,10,states_2019-05-27-15_4d
OpenSky_Real_World,OpenSky_Hourly_20190527,opensky_hourly_results_20260912_082011.csv,4,2184916,Original,19115.94,19099.254,1.0008736466879804,13.0,27.4,0.4744525547445256,311.837,2329.883,0.016312930465360323,0.12198816770539832,10,states_2019-05-27-16_4d
OpenSky_Real_World,OpenSky_Hourly_20190527,opensky_hourly_results_20260912_082011.csv,4,2184916,Sorted_Time,21844.348,19242.918,1.135188956269522,19.0,25.3,0.7509881422924901,2727.164,2189.426,0.124845291788979,0.11377827416819007,10,states_2019-05-27-16_4d
OpenSky_Real_World,OpenSky_Hourly_20190527,opensky_hourly_results_20260912_082011.csv,4,2168940,Original,18936.844,18938.813,0.9998960336109767,20.0,25.7,0.7782101167315175,259.14,1807.786,0.013684434428461257,0.09545402871869532,10,states_2019-05-27-17_4d
OpenSky_Real_World,OpenSky_Hourly_20190527,opensky_hourly_results_20260912_082011.csv,4,2168940,Sorted_Time,20953.722,19307.507,1.0852629497946058,23.0,27.0,0.8518518518518519,3463.735,1823.275,0.16530404478975141,0.09443347605674829,10,states_2019-05-27-17_4d
OpenSky_Real_World,OpenSky_Hourly_20190527,opensky_hourly_results_20260912_082011.csv,4,2121357,Original,19236.637,18633.087,1.0323913047795032,19.0,28.7,0.662020905923345,1180.841,2786.15,0.06138500196266114,0.14952702147529287,10,states_2019-05-27-18_4d
OpenSky_Real_World,OpenSky_Hourly_20190527,opensky_hourly_results_20260912_082011.csv,4,2121357,Sorted_Time,17970.121,17818.328,1.0085189250080029,15.0,25.6,0.5859375,1828.506,1585.745,0.10175257028041158,0.08899516273356287,10,states_2019-05-27-18_4d
OpenSky_Real_World,OpenSky_Hourly_20190527,opensky_hourly_results_20260912_082011.csv,4,2095095,Original,18408.093,17734.394,1.0379882729570573,19.0,25.6,0.7421875,286.658,947.078,0.01557238981789151,0.05340345996598474,10,states_2019-05-27-19_4d
OpenSky_Real_World,OpenSky_Hourly_20190527,opensky_hourly_results_20260912_082011.csv,4,2095095,Sorted_Time,19469.807,18520.418,1.0512617479799862,17.0,26.5,0.6415094339622641,110.61,1072.778,0.005681104080795459,0.05792407061222916,10,states_2019-05-27-19_4d
OpenSky_Real_World,OpenSky_Hourly_20190527,opensky_hourly_results_20260912_082011.csv,4,2008853,Original,16979.725,17211.541,0.9865313628802904,23.0,25.2,0.9126984126984127,962.692,2074.014,0.056696560162193446,0.12050135429477232,10,states_2019-05-27-20_4d
OpenSky_Real_World,OpenSky_Hourly_20190527,opensky_hourly_results_20260912_082011.csv,4,2008853,Sorted_Time,16816.386,15842.06,1.0615024813692158,30.0,24.1,1.2448132780082988,1208.139,1077.925,0.07184296316699676,0.06804197181427163,10,states_2019-05-27-20_4d
OpenSky_Real_World,OpenSky_Hourly_20190527,opensky_hourly_results_20260912_082011.csv,4,1824113,Original,16589.443,16368.828,1.0134777517364102,20.0,20.7,0.9661835748792271,495.308,586.862,0.029856819183139545,0.03585241411297131,10,states_2019-05-27-21_4d
OpenSky_Real_World,OpenSky_Hourly_20190527,opensky_hourly_results_20260912_082011.csv,4,1824113,Sorted_Time,16144.665,16101.367,1.0026890884482045,17.0,25.6,0.6640625,206.786,587.609,0.01280831779414438,0.03649435479608657,10,states_2019-05-27-21_4d
OpenSky_Real_World,OpenSky_Hourly_20190527,opensky_hourly_results_20260912_082011.csv,4,1687618,Original,17797.735,16845.698,1.056515141135737,20.0,25.0,0.8,857.494,1059.071,0.048179950988145405,0.06286892950354446,10,states_2019-05-27-22_4d
OpenSky_Real_World,OpenSky_Hourly_20190527,opensky_hourly_results_20260912_082011.csv,4,1687618,Sorted_Time,16861.584,14429.848,1.1685212484566712,23.0,23.2,0.9913793103448276,293.444,1172.222,0.01740310993320675,0.0812359215426247,10,states_2019-05-27-22_4d
OpenSky_Real_World,OpenSky_Hourly_20190527,opensky_hourly_results_20260912_082011.csv,4,1520208,Original,14400.079,14861.67,0.9689408390847059,20.0,25.9,0.7722007722007722,1848.308,362.243,0.1283540180578176,0.024374313250125994,10,states_2019-05-27-23_4d
OpenSky_Real_World,OpenSky_Hourly_20190527,opensky_hourly_results_20260912_082011.csv,4,1520208,Sorted_Time,15182.696,13861.984,1.0952758277602974,15.0,24.0,0.625,329.439,1464.974,0.021698320245626998,0.10568285174762862,10,states_2019-05-27-23_4d
OpenSky_Real_World,OpenSky_39M_231351,opensky_results_20260911_231351.csv,4,39037788,Original,484224.033,532119.625,0.9099909310805817,26.0,24.0,1.0833333333333333,0.0,0.0,0.0,0.0,1,
OpenSky_Real_World,OpenSky_39M_231351,opensky_results_20260911_231351.csv,4,39037788,Sorted_Time_Axis,434956.14,417703.04,1.0413047029775029,26.0,38.0,0.6842105263157895,0.0,0.0,0.0,0.0,1,
OpenSky_Real_World,OpenSky_39M_002012,opensky_results_20260912_002012.csv,4,39037788,Original,348143.384,367306.29,0.9478285384113625,26.0,34.5,0.7536231884057971,20145.428,16041.405,0.05786531907784293,0.043673101813747874,10,
OpenSky_Real_World,OpenSky_39M_002012,opensky_results_20260912_002012.csv,4,39037788,Sorted_Time_Axis,338086.101,368350.349,0.9178384163822254,26.0,30.7,0.8469055374592834,301.54,10038.323,0.0008919029771058231,0.0272521066621821,10,
